form	lemma	POS	morph
༄༅། །		PUNCT
གུ་	གུ་	NOUN
གྱི་	གི་	PART
མགོན་པོ་	མགོན་པོ་	NOUN
འི་	གི་	PART
ཁྲོ་	ཁྲོ་	VERB
བཅུ་	བཅུ་	NUM
འི་	གི་	PART
སྲུང་འཁོར་	སྲུང་འཁོར་	NOUN
རྡོ་རྗེ་	རྡོ་རྗེ་	NOUN
འི་	གི་	PART
བྲག་རྫོང་	བྲག་རྫོང་	NO_POS
མ་	མ་	PART
བར་ཆད་	བར་ཆད་	NOUN
ཀུན་	ཀུན་	DET
སེལ་	སེལ་	VERB
བཞུགས་	བཞུགས་	VERB
།།		PUNCT
ན་མོ་	ན་མོ་	X
གུ་རུ་	གུ་རུ་	PROPN
ཤྲཱི་		NON_WORD
མ་	མ་	PART
ཧཱ་		NON_WORD
ཀཱ་	ཀཱ་	NO_POS
ལ་	ལ་	PART
ཡ་	ཡ་	NOUN
།		PUNCT
སངས་རྒྱས་	སངས་རྒྱས་	NOUN
ཀུན་	ཀུན་	DET
དངོ་	དངོ་	NOUN
རྗེ་བཙུན་	རྗེ་བཙུན་	NOUN
བླ་མ་	བླ་མ་	NOUN
མཆོག་	མཆོག་	ADJ
།		PUNCT
ཀུན་དག་	ཀུན་དགའ་	PROPN
འི་	གི་	PART
མཚན་	མཚན་	NOUN
ཅན་	ཅན་	PART
སྦས་པ་	སྦས་པ་	VERB
འི་	གི་	PART
རྣལ་འབྱོར་	རྣལ་འབྱོར་	NOUN
གང་	གང་	NO_POS
། །		PUNCT
དཔལ་ལྡན་	དཔལ་ལྡན་	ADJ
བཀྲ་ཤིས་	བཀྲ་ཤིས་	NOUN
ལ་སོགས་	ལ་སོགས་	NO_POS
རྩ་	རྩ་	NUM
བརྒྱུད་	བརྒྱུད་	NO_POS
ཀྱི་	གི་	PART
། །		PUNCT
བླ་མ་	བླ་མ་	NOUN
རྣམས་	རྣམས་	DET
ལ་	ལ་	PART
བདག་	བདག་	PRON
ཡིད་	ཡིད་	NOUN
གུ་	གུ་	VERB
བཏུད་	བཏུད་	NO_POS
ན་	ནས་	PART
། །		PUNCT
བསྟན་	བསྟན་	VERB
བསྲུང་	བསྲུང་	NO_POS
གཙོ་བོ་	གཙོ་བོ་	ADJ
ནག་པོ་	ནག་པོ་	ADJ
ཆེན་པོ་	ཆེན་པོ་	ADJ
ཡི་	གི་	PART
། །		PUNCT
གདམས་པ་	གདམས་པ་	VERB
ཟབ་མོ་	ཟབ་མོ་	ADJ
སྙན་བརྒྱུད་	སྙན་བརྒྱུད་	NOUN
ཁྱད་པར་ཅན་	ཁྱད་པར་ཅན་	ADJ
། །		PUNCT
རྡོ་རྗེ་	རྡོ་རྗེ་	NOUN
འི་	གི་	PART
བྲག་རྫོང་	བྲག་རྫོང་	NO_POS
སྲུང་འཁོར་	སྲུང་འཁོར་	NOUN
ཞལ་ཤེས་	ཞལ་ཤེས་	NO_POS
བཅའ་	བཅའ་	VERB
། །		PUNCT
བར་ཆད་	བར་ཆད་	NOUN
ཀུན་	ཀུན་	DET
སེལ་	སེལ་	VERB
གཞན་	གཞན་	DET
ལ་	ལ་	PART
བརྩེ་བ་	བརྩེ་བ་	VERB
ས་	གིས་	PART
བྲི་	བྲི་	NO_POS
། །		PUNCT
དཔལ་	དཔལ་	OTHER
རྡོ་རྗེ་	རྡོ་རྗེ་	NOUN
ནག་པོ་	ནག་པོ་	ADJ
ཆེན་པོ་	ཆེན་པོ་	ADJ
འི་	གི་	PART
སྲུང་འཁོར་	སྲུང་འཁོར་	NOUN
བསྒོམ་པ་	བསྒོམ་པ་	VERB
ར་	ལ་	PART
འདོད་པ་	འདོད་པ་	VERB
ས་	གིས་	PART
།		PUNCT
ཐོག་མ་	ཐོག་མ་	NOUN
ར་	ལ་	PART
སྐྱབས་འགྲོ་	སྐྱབས་འགྲོ་	OTHER
སྤྱི་	སྤྱི་	DET
དང་	དང་	NO_POS
མཐུན་པ་	མཐུན་པ་	VERB
ཉེ་	ཉེ་	NUM
གཅིག་	གཅིག་	NUM
ལ་སོགས་པ་	ལ་སོགས་པ་	NO_POS
ཇི་ལྟ་		
རིགས་པ་	རིགས་པ་	VERB
སོང་	སོང་	VERB
རྗེས་	རྗེས་	NOUN
།		PUNCT
བླ་མ་	བླ་མ་	NOUN
རིན་པོ་ཆེ་	རིན་པོ་ཆེ་	ADJ
དང་	དང་	NO_POS
དཀོན་མཆོག་	དཀོན་མཆོག་	NOUN
རྣམ་པ་	རྣམ་པ་	NOUN
གསུམ་	གསུམ་	NUM
ལ་	ལ་	PART
བདག་	བདག་	PRON
ཕྱག་	ཕྱག་	NOUN
འཚལ་	འཚལ་	VERB
ཞིང་	ཅིང་	PART
སྐྱབས་	སྐྱབས་	NOUN
སུ་	ལ་	PART
མཆིའོ་		NON_WORD
། །		PUNCT
ཁྱེད་	ཁྱེད་	PRON
རྣམས་	རྣམས་	DET
ཀྱིས་	གིས་	PART
བདག་	བདག་	PRON
གི་	གི་	PART
རྒྱུད་	རྒྱུད་	NOUN
བྱིན་	བྱིན་	VERB
གྱིས་	གིས་	PART
བརླབ་	བརླབ་	NO_POS
ཏུ་	ལ་	PART
གསོལ་	གསོལ་	VERB
།		PUNCT
ལན་	ལན་	NOUN
གཅིག་	གཅིག་	NUM
སེམས་ཅན་	སེམས་ཅན་	NOUN
ཐམས་ཅད་	ཐམས་ཅད་	DET
ཀྱི་	གི་	PART
དོན་	དོན་	NOUN
དུ་	ལ་	PART
སངས་རྒྱས་	སངས་རྒྱས་	NOUN
ཀྱི་	གི་	PART
གོ་འཕང་	གོ་འཕང་	NOUN
ཐོབ་པ་	ཐོབ་པ་	VERB
ར་	ལ་	PART
བྱ་	བྱ་	VERB
།		PUNCT
དེ་	དེ་	DET
འི་	གི་	PART
ཆེད་	ཆེད་	NOUN
དུ་	ལ་	PART
དཔལ་	དཔལ་	OTHER
རྡོ་རྗེ་	རྡོ་རྗེ་	NOUN
ནག་པོ་	ནག་པོ་	ADJ
ཆེན་པོ་	ཆེན་པོ་	ADJ
འི་	གི་	PART
སྲུང་འཁོར་	སྲུང་འཁོར་	NOUN
བསྒོམ་པ་	བསྒོམ་པ་	VERB
ར་	ལ་	PART
བགྱི་	བགྱི་	VERB
འོ་	གོ་	PART
། །		PUNCT
ཚ་	ཚ་	VERB
གསུམ་	གསུམ་	NUM
།		PUNCT
རང་	རང་	PRON
སྐད་ཅིག་	སྐད་ཅིག་	OTHER
གི་	གི་	PART
དཔལ་	དཔལ་	OTHER
རྡོ་རྗེ་	རྡོ་རྗེ་	NOUN
ནག་པོ་	ནག་པོ་	ADJ
ཆེན་པོ་	ཆེན་པོ་	ADJ
ར་	ལ་	PART
གསལ་བ་	གསལ་བ་	VERB
འི་	གི་	PART
སྙིང་ཁ་	སྙིང་ཁ་	NOUN
ར་	ལ་	PART
ཉི་མ་	ཉི་མ་	NOUN
འི་	གི་	PART
དཀྱིལ་འཁོར་	དཀྱིལ་འཁོར་	NOUN
གྱི་	གི་	PART
སྟེང་	སྟེང་	NOUN
དུ་	ལ་	PART
ཧཱུྃ་		NON_WORD
མཐིང་ནག་	མཐིང་ནག་	NO_POS
དེ་ལས་	དེ་ལས་	NO_POS
འོད་འཕྲོ་	འོད་འཕྲོ་	NO_POS
ས་པ་	ས་པ་	PART
ས་	གིས་	PART
རང་བཞིན་	རང་བཞིན་	NOUN
གྱི་	གི་	PART
གནས་	གནས་	NOUN
ན་	ནས་	PART
བླ་མ་	བླ་མ་	NOUN
མི་བསྐྱོད་པ་	མི་བསྐྱོད་པ་	NO_POS
འི་	གི་	PART
རྣམ་པ་	རྣམ་པ་	NOUN
དབུ་	དབུ་	NOUN
འི་	གི་	PART
ཆ་	ཆ་	NOUN
ལ་	ལ་	PART
བཞུགས་པ་	བཞུགས་པ་	VERB
འི་	གི་	PART
རྡོ་རྗེ་	རྡོ་རྗེ་	NOUN
ནག་པོ་	ནག་པོ་	ADJ
ཆེན་པོ་	ཆེན་པོ་	ADJ
ལ་	ལ་	PART
སངས་རྒྱས་	སངས་རྒྱས་	NOUN
བྱང་སེམས་	བྱང་སེམས་	NOUN
།		PUNCT
དཔའ་བོ་	དཔའ་བོ་	NOUN
མཁའ་འགྲོ་	མཁའ་འགྲོ་	NOUN
འི་	གི་	PART
ཚོགས་	ཚོགས་	NOUN
ཀྱིས་	གིས་	PART
བསྐོར་བ་	བསྐོར་བ་	VERB
མདུན་	མདུན་	NOUN
གྱི་	གི་	PART
ནམ་མཁ་	ནམ་མཁའ་	NOUN
ར་	ལ་	PART
བཛྲ་	བཛྲ་	NO_POS
ས་	ས་	ADP
མཱ་	མཱ་	NO_POS
ཛཿ་		NON_WORD
ན་མོ་	ན་མོ་	X
གུ་རུ་	གུ་རུ་	PROPN
བྷྱཿ་		NON_WORD
ན་	ལ་	PART
མཿ་		NON_WORD
ཤྲཱི་		NON_WORD
མ་	མ་	PART
ཧཱ་		NON_WORD
ཀཱ་	ཀཱ་	NO_POS
ལ་	ལ་	PART
མཎྜ་		NON_WORD
ལ་	ལ་	PART
ས་པ་	ས་པ་	NOUN
རི་	རི་	NOUN
ཝཱ་	ཝཱ་	NO_POS
བྷྱཿ་		NON_WORD
ཨོཾ་	ཨོཾ་	X
ཤྲཱི་		NON_WORD
མ་	མ་	PART
ཧཱ་		NON_WORD
ཀཱ་	ཀཱ་	NO_POS
ལ་	ལ་	PART
ས་པ་	ས་པ་	NOUN
རི་	རི་	NOUN
ཝཱ་	ཝཱ་	NO_POS
ར་	ར་	ADP
ཨརྒྷཾ་		NON_WORD
།		PUNCT
པཱ་	པཱ་	NO_POS
དྱཾ་		NON_WORD
།		PUNCT
པུཥྤཾ་		NON_WORD
།		PUNCT
དྷུ་		NON_WORD
པཾ་		NON_WORD
།		PUNCT
དཱི་		NON_WORD
པཾ་		NON_WORD
།		PUNCT
གནྡྷཾ་		NON_WORD
།		PUNCT
ནཻ་		NON_WORD
ཝི་		NON_WORD
དྱཾ་		NON_WORD
།		PUNCT
ཤཔྟ་		NON_WORD
པྲ་	པྲ་	NOUN
ཏཱིཙྪ་		NON_WORD
སྭཱཧཱ་		NON_WORD
།		PUNCT
དཀོན་མཆོག་	དཀོན་མཆོག་	NOUN
གསུམ་	གསུམ་	NUM
ལ་	ལ་	PART
བདག་	བདག་	PRON
སྐྱབས་	སྐྱབས་	NOUN
མཆི་	མཆི་	NO_POS
སོགས་	སོགས་	DET
རྒྱུན་	རྒྱུན་	NOUN
བཤགས་	བཤགས་	NO_POS
ལན་	ལན་	NOUN
གསུམ་	གསུམ་	NUM
།		PUNCT
སེམས་ཅན་	སེམས་ཅན་	NOUN
ཐམས་ཅད་	ཐམས་ཅད་	DET
བདེ་བ་	བདེ་བ་	VERB
དང་	དང་	NO_POS
སོགས་	སོགས་	DET
ཚད་	ཚད་	NOUN
མེད་	མེད་	VERB
བཞི་	བཞི་	NUM
བསྒོམ་	བསྒོམ་	VERB
།		PUNCT
ཨོཾ་	ཨོཾ་	X
ཤུ་	ཤུ་	NO_POS
ནྱཱ་		NON_WORD
ཏ་	ཏ་	OTHER
ཛྙཱ་ན་	ཛྙཱ་ན་	PROPN
བཛྲ་	བཛྲ་	NO_POS
སྭ་		NON_WORD
བྷཱ་		NON_WORD
ཝ་	ཝ་	OTHER
ཨཱཏྨ་		NON_WORD
ཀོ྅ཧཾ་		NON_WORD
།		PUNCT
སྟོང་པ་ཉིད་	སྟོང་པ་ཉིད་	NOUN
དུ་	ལ་	PART
གྱུར་	གྱུར་	VERB
།		PUNCT
སྟོང་པ་	སྟོང་པ་	VERB
འི་	གི་	PART
ངང་	ངང་	NOUN
ལ་	ལ་	ADP
ས་	གིས་	PART
སུཾ་		NON_WORD
ལ་	ལ་	ADP
ས་	གིས་	PART
རྡོ་རྗེ་	རྡོ་རྗེ་	NOUN
འི་	གི་	PART
བྲག་རྫོང་	བྲག་རྫོང་	NO_POS
ཟུར་	ཟུར་	NOUN
གསུམ་པ་	གསུམ་པ་	NUM
སྟོང་གསུམ་	སྟོང་གསུམ་	OTHER
གྱི་	གི་	PART
ཚད་	ཚད་	NOUN
དང་	དང་	NO_POS
མཉམ་པ་	མཉམ་པ་	VERB
འི་	གི་	PART
སྟེང་	སྟེང་	NOUN
དུ་	ལ་	PART
།		PUNCT
ཨེ་	ཨེ་	PART
ལ་	ལ་	ADP
ས་	གིས་	PART
ཆོ་	ཆོ་	NOUN
ཀྱི་	གི་	PART
འབྱུང་གནས་	འབྱུང་གནས་	NOUN
གྲུ་གསུམ་	གྲུ་གསུམ་	NOUN
མཐིང་ནག་	མཐིང་ནག་	NO_POS
ཁ་ཁྱེར་	ཁ་ཁྱེར་	NO_POS
ལ་	ལ་	PART
རྡོ་རྗེ་	རྡོ་རྗེ་	NOUN
དང་	དང་	NO_POS
མེ་རི་	མེ་རི་	NOUN
འབར་བ་	འབར་བ་	VERB
ས་	གིས་	PART
བསྐོར་བ་	བསྐོར་བ་	VERB
འི་	གི་	PART
ནང་	ནང་	NOUN
དུ་	ལ་	PART
པཾ་		NON_WORD
ལ་	ལ་	ADP
ས་	གིས་	PART
པདྨ་	པདྨ་	NOUN
།		PUNCT
རཾ་		NON_WORD
ལ་	ལ་	ADP
ས་	གིས་	PART
ཉི་མ་	ཉི་མ་	NOUN
འི་	གི་	PART
དཀྱིལ་འཁོར་	དཀྱིལ་འཁོར་	NOUN
གྱི་	གི་	PART
དབུ་	དབུ་	NOUN
སུ་	ལ་	PART
།		PUNCT
ཧཱུྃ་		NON_WORD
ལས་སྣ་ཚོགས་	ལས་སྣ་ཚོགས་	NO_POS
རྡོ་རྗེ་	རྡོ་རྗེ་	NOUN
ཤ་	ཤ་	VERB
དཀ་	དཀའ་	VERB
ར་	ལ་	PART
།		PUNCT
ལྷོ་	ལྷོ་	NOUN
སེ་	སེ་	NO_POS
ར་	ལ་	PART
།		PUNCT
ནུབ་	ནུབ་	ADV
དམར་	དམར་	VERB
།		PUNCT
བྱང་	བྱང་	NOUN
ལྗང་	ལྗང་	NO_POS
།		PUNCT
ལྟེ་བ་	ལྟེ་བ་	NOUN
མཐིང་ནག་	མཐིང་ནག་	NO_POS
ལ་	ལ་	PART
ཧཱུྃ་		NON_WORD
གིས་	གིས་	PART
མཚན་པ་	མཚན་པ་	VERB
།		PUNCT
དེ་ལས་	དེ་ལས་	NO_POS
འོད་ཟེར་	འོད་ཟེར་	NOUN
ཕྱོགས་	ཕྱོགས་	NOUN
བཅུ་		
འཕྲོས་པ་	འཕྲོས་པ་	VERB
ས་	གིས་	PART
འོག་རྡོ་	འོག་རྡོ་	NO_POS
རྗེའི་		NON_WORD
ས་གཞི་	ས་གཞི་	NOUN
།		PUNCT
ཁོར་ཡུག་	ཁོར་ཡུག་	NOUN
རྡོ་རྗེ་	རྡོ་རྗེ་	NOUN
འི་	གི་	PART
རྭ་བ་	རྭ་བ་	NOUN
།		PUNCT
སྟེང་	སྟེང་	NOUN
རྡོ་རྗེ་	རྡོ་རྗེ་	NOUN
འི་	གི་	PART
གུ་	གུ་	NOUN
དང་	དང་	NO_POS
བླ་བྲེ་	བླ་བྲེ་	NO_POS
།		PUNCT
ཕྱི་རོལ་	ཕྱི་རོལ་	NOUN
ཐམས་ཅད་	ཐམས་ཅད་	DET
ཡེ་ཤེས་	ཡེ་ཤེས་	NOUN
ཀྱི་	གི་	PART
མེ་	མེ་	NOUN
འབར་བ་	འབར་བ་	VERB
འི་	གི་	PART
སྲུང་བ་	སྲུང་བ་	VERB
འི་	གི་	PART
འཁོར་ལོ་	འཁོར་ལོ་	NOUN
ར་	ལ་	PART
གྱུར་	གྱུར་	VERB
།		PUNCT
ཨོཾ་	ཨོཾ་	X
བཛྲ་	བཛྲ་	NO_POS
རཀྵ་		NON_WORD
རཀྵ་		NON_WORD
ཧཱུྃ་		NON_WORD
ཧཱུྃ་		NON_WORD
ཧཱུྃ་		NON_WORD
ཕཊ་		NON_WORD
སྭཱཧཱ་		NON_WORD
།		PUNCT
ལན་	ལན་	NOUN
གསུམ་	གསུམ་	NUM
།		PUNCT
དེ་ལྟ་	དེ་ལྟ་	NO_POS
བུ་	བུ་	NOUN
འི་	གི་	PART
སྲུང་འཁོར་	སྲུང་འཁོར་	NOUN
གྱི་	གི་	PART
ནང་	ནང་	NOUN
སྣ་ཚོགས་	སྣ་ཚོགས་	DET
རྡོ་རྗེ་	རྡོ་རྗེ་	NOUN
འི་	གི་	PART
ལྟེ་བ་	ལྟེ་བ་	NOUN
ར་	ལ་	PART
པདྨ་	པདྨ་	NOUN
ཉི་མ་	ཉི་མ་	NOUN
འི་	གི་	PART
སྟེང་	སྟེང་	NOUN
དུ་	ལ་	PART
བྷྲཱུཾ་		NON_WORD
མཐིང་ནག་	མཐིང་ནག་	NO_POS
ལ་	ལ་	ADP
ས་	གིས་	PART
།		PUNCT
གནམ་ལྕགས་	གནམ་ལྕགས་	NOUN
ལ་	ལ་	ADP
ས་	གིས་	PART
གྲུབ་པ་	གྲུབ་པ་	VERB
འི་	གི་	PART
མཚོན་ཆ་	མཚོན་ཆ་	NOUN
འི་	གི་	PART
འཁོར་ལོ་	འཁོར་ལོ་	NOUN
རྩིབས་	རྩིབས་	NOUN
བཅུ་པ་	བཅུ་པ་	NUM
།		PUNCT
རྩེ་མོ་	རྩེ་མོ་	NOUN
རྣོ་བ་	རྣོ་བ་	VERB
།		PUNCT
ཁོག་པ་	ཁོག་པ་	VERB
སྟོང་པ་	སྟོང་པ་	VERB
།		PUNCT
ཡངས་	ཡངས་	VERB
ཞིང་	ཅིང་	PART
རྒྱ་ཆེ་བ་	རྒྱ་ཆེ་བ་	NO_POS
ར་	ལ་	PART
གྱུར་	གྱུར་	VERB
།		PUNCT
ཨོཾ་	ཨོཾ་	X
བཛྲ་	བཛྲ་	NO_POS
ཙཀྲ་	ཙཀྲ་	NO_POS
རཀྵ་		NON_WORD
ཧཱུྃ་		NON_WORD
བྷྲཱུཾ་		NON_WORD
ཧཱུྃ་		NON_WORD
།		PUNCT
ལན་	ལན་	NOUN
གསུམ་	གསུམ་	NUM
།		PUNCT
ཁ་དོག་	ཁ་དོག་	NOUN
དམར་ནག་	དམར་ནག་	NO_POS
གོ་སྐབས་	གོ་སྐབས་	NO_POS
མེད་པ་	མེད་པ་	VERB
ར་	ལ་	PART
འཁོར་བ་	འཁོར་བ་	NOUN
འི་	གི་	PART
དབུ་	དབུ་	NOUN
དང་	དང་	NO_POS
ཕྱོགས་	ཕྱོགས་	NOUN
བཅུ་		
པདྨ་	པདྨ་	NOUN
ཉི་མ་	ཉི་མ་	NOUN
རོ་	རོ་	NOUN
འི་	གི་	PART
གདན་	གདན་	NOUN
རེ་རེ་	རེ་རེ་	DET
འི་	གི་	PART
སྟེང་	སྟེང་	NOUN
དུ་	ལ་	PART
ཧཱུྃ་		NON_WORD
ལ་	ལ་	ADP
ས་	གིས་	PART
རྡོ་རྗེ་	རྡོ་རྗེ་	NOUN
གྲི་གུག་	གྲི་གུག་	NOUN
སྔོ་ནག་	སྔོ་ནག་	NO_POS
གི་	གི་	PART
ཡུ་བ་	ཡུ་བ་	NOUN
ལ་	ལ་	PART
ཧཱུྃ་		NON_WORD
གིས་	གིས་	PART
མཚན་པ་	མཚན་པ་	VERB
རེ་རེ་	རེ་རེ་	DET
།		PUNCT
དེ་	སྟེ་	PART
རྣམས་	རྣམས་	DET
ལ་	ལ་	ADP
ས་	གིས་	PART
འོད་འཕྲོ་	འོད་འཕྲོ་	NO_POS
ས་	གིས་	PART
དགྲ་བགེགས་	དགྲ་བགེགས་	OTHER
གདུག་པ་	གདུག་པ་	ADJ
ཅན་	ཅན་	PART
ཐམས་ཅད་	ཐམས་ཅད་	DET
ཚ་	ཚ་	VERB
བཅད་	བཅད་	VERB
ཚུ་		
འདུ་	འདུ་	VERB
ཡོངས་སུ་	ཡོངས་སུ་	NO_POS
གྱུར་པ་	གྱུར་པ་	VERB
ལ་	ལ་	ADP
ས་	གིས་	PART
དབུ་	དབུ་	NOUN
སུ་	ལ་	PART
རང་ཉིད་	རང་ཉིད་	OTHER
དཔལ་	དཔལ་	OTHER
རྡོ་རྗེ་	རྡོ་རྗེ་	NOUN
ནག་པོ་	ནག་པོ་	ADJ
ཆེན་པོ་	ཆེན་པོ་	ADJ
གུ་	གུ་	NOUN
གྱི་	གི་	PART
མགོན་པོ་	མགོན་པོ་	NOUN
སྐུ་མདོག་	སྐུ་མདོག་	NOUN
མཐིང་ནག་	མཐིང་ནག་	NO_POS
ཆེ་	ཆེ་	VERB
ཞིང་	ཅིང་	PART
ཆེ་	ཆེ་	VERB
ར་	ལ་	PART
འབར་བ་	འབར་བ་	VERB
ཞལ་	ཞལ་	NOUN
གཅིག་	གཅིག་	NUM
ཕྱག་	ཕྱག་	NOUN
གཉིས་པ་	གཉིས་པ་	NUM
།		PUNCT
གཡའ་	གཡའ་	NOUN
རྡོ་རྗེ་	རྡོ་རྗེ་	NOUN
གྲི་གུག་	གྲི་གུག་	NOUN
གཡོན་	གཡོན་	NOUN
ཐོད་པ་	ཐོད་པ་	NOUN
ཁྲག་	ཁྲག་	NOUN
གིས་	གིས་	PART
གང་བ་	གང་བ་	VERB
ཐུགས་	ཐུགས་	NOUN
ཁ་	ཁ་	PRON
ར་	ལ་	PART
སྟེང་འོག་	སྟེང་འོག་	NOUN
ཏུ་	ལ་	PART
འཛིན་པ་	འཛིན་པ་	VERB
།		PUNCT
ཕྱག་	ཕྱག་	NOUN
གཉིས་	གཉིས་	NUM
ཀྱི་	གི་	PART
དབུ་	དབུ་	NOUN
ན་	ལ་	PART
རྣམ་འཕྲུལ་	རྣམ་འཕྲུལ་	NOUN
གསེར་	གསེར་	NOUN
གྱི་	གི་	PART
གཎྜི་		NON_WORD
བསྣམས་པ་	བསྣམས་པ་	NO_POS
།		PUNCT
དམར་	དམར་	VERB
ལ་	ལ་	PART
ཟླུམ་པ་	ཟླུམ་པ་	NO_POS
འི་	གི་	PART
སྤྱན་	སྤྱན་	NOUN
གསུམ་	གསུམ་	NUM
དང་	དང་	NO_POS
ལྡན་པ་	ལྡན་པ་	VERB
།		PUNCT
ཞལ་	ཞལ་	NOUN
མཆེ་བ་	མཆེ་བ་	NOUN
གཙིགས་	གཙིགས་	NO_POS
ཤིང་	ཅིང་	PART
ལྗགས་	ལྗགས་	NOUN
འདྲིལ་བ་	འདྲིལ་བ་	VERB
།		PUNCT
དབུ་སྐྲ་	དབུ་སྐྲ་	OTHER
དང་	དང་	NO_POS
སྨིན་མ་	སྨིན་མ་	NOUN
སྨ་ར་	སྨ་ར་	NOUN
དམར་སེར་	དམར་སེར་	NO_POS
གྱེན་	གྱེན་	NOUN
དུ་	ལ་	PART
འབར་བ་	འབར་བ་	VERB
།		PUNCT
མི་མགོ་	མི་མགོ་	NOUN
སྐམ་པོ་	སྐམ་པོ་	ADJ
ལྔ་	ལྔ་	NUM
འི་	གི་	PART
དབུ་རྒྱན་	དབུ་རྒྱན་	NOUN
དང་	དང་	NO_POS
།		PUNCT
རློན་པ་	རློན་པ་	VERB
ཁྲག་འཛག་པ་	ཁྲག་འཛག་པ་	NO_POS
ལྔ་	ལྔ་	NUM
བཅུ་	བཅུ་	NUM
འི་	གི་	PART
དོ་ཤལ་	དོ་ཤལ་	OTHER
ཅན་	ཅན་	PART
།		PUNCT
རུས་པ་	རུས་པ་	NOUN
འི་	གི་	PART
རྒྱན་	རྒྱན་	NOUN
དྲུག་	དྲུག་	NUM
དང་	དང་	NO_POS
སྦྲུལ་	སྦྲུལ་	NOUN
གྱིས་	གིས་	PART
བརྒྱན་པ་	བརྒྱན་པ་	VERB
།		PUNCT
སྟག་	སྟག་	NOUN
གི་	གི་	PART
ལྤགས་པ་	ལྤགས་པ་	NOUN
འི་	གི་	PART
ཤམ་ཐབས་	ཤམ་ཐབས་	NOUN
ཅན་	ཅན་	PART
།		PUNCT
ད་	ད་	NOUN
སྣ་ཚོགས་	སྣ་ཚོགས་	DET
ཀྱི་	གི་	PART
ཅོད་	ཅོད་	NO_POS
པཎ་	པཎ་	NO_POS
དང་	དང་	NO_POS
།		PUNCT
ལྷབ་ལྷུབ་	ལྷབ་ལྷུབ་	OTHER
ཀྱི་	གི་	PART
ཀླུབས་པ་	ཀླུབས་པ་	NO_POS
།		PUNCT
མི་	མི་	PART
འི་	གི་	PART
ཐུང་	ཐུང་	VERB
གེལ་བ་	གེལ་བ་	NO_POS
འི་	གི་	PART
འདུག་སྟངས་	འདུག་སྟངས་	NO_POS
ཀྱི་	གི་	PART
རོ་	རོ་	NOUN
འི་	གི་	PART
སྟེང་	སྟེང་	NOUN
ན་	ལ་	PART
འགྱིང་	འགྱིང་	NO_POS
ཞིང་	ཅིང་	PART
བཞུགས་པ་	བཞུགས་པ་	VERB
།		PUNCT
ཕྱོགས་	ཕྱོགས་	NOUN
བཅུ་	བཅུ་	NUM
འི་	གི་	PART
མགོན་པོ་	མགོན་པོ་	NOUN
ཐམས་ཅད་	ཐམས་ཅད་	DET
སྐུ་མདོག་	སྐུ་མདོག་	NOUN
མཐིང་ནག་	མཐིང་ནག་	NO_POS
རབ་ཏུ་	རབ་ཏུ་	NO_POS
ཁྲོས་པ་	ཁྲོས་པ་	VERB
།		PUNCT
ཞལ་	ཞལ་	NOUN
གཅིག་	གཅིག་	NUM
ཕྱག་	ཕྱག་	NOUN
གཉིས་པ་	གཉིས་པ་	NUM
གཡའ་	གཡའ་	NOUN
གནམ་ལྕགས་	གནམ་ལྕགས་	NOUN
ཀྱི་	གི་	PART
གྲི་གུག་	གྲི་གུག་	NOUN
ནམ་མཁ་	ནམ་མཁའ་	NOUN
ར་	ལ་	PART
འཕྱར་	འཕྱར་	VERB
ཞིང་	ཅིང་	PART
།		PUNCT
གཡོན་	གཡོན་	NOUN
ཐོད་ཁྲག་	ཐོད་ཁྲག་	NO_POS
ཐུགས་	ཐུགས་	NOUN
ཁ་	ཁ་	PRON
ར་	ལ་	PART
འཛིན་པ་	འཛིན་པ་	VERB
།		PUNCT
དམར་	དམར་	VERB
ལ་	ལ་	PART
ཟླུམ་པ་	ཟླུམ་པ་	NO_POS
འི་	གི་	PART
སྤྱན་	སྤྱན་	NOUN
གསུམ་	གསུམ་	NUM
དང་	དང་	NO_POS
ལྡན་པ་	ལྡན་པ་	VERB
།		PUNCT
ཞལ་	ཞལ་	NOUN
མཆེ་བ་	མཆེ་བ་	NOUN
གཙིགས་	གཙིགས་	NO_POS
ཤིང་	ཅིང་	PART
ལྗགས་	ལྗགས་	NOUN
འདྲིལ་བ་	འདྲིལ་བ་	VERB
།		PUNCT
དབུ་སྐྲ་	དབུ་སྐྲ་	OTHER
དང་	དང་	NO_POS
སྨིན་མ་	སྨིན་མ་	NOUN
སྨ་ར་	སྨ་ར་	NOUN
དམར་སེར་	དམར་སེར་	NO_POS
གྱེན་	གྱེན་	NOUN
དུ་	ལ་	PART
འབར་བ་	འབར་བ་	VERB
།		PUNCT
མི་མགོ་	མི་མགོ་	NOUN
སྐམ་པོ་	སྐམ་པོ་	ADJ
ལྔ་	ལྔ་	NUM
འི་	གི་	PART
དབུ་རྒྱན་	དབུ་རྒྱན་	NOUN
དང་	དང་	NO_POS
།		PUNCT
རློན་པ་	རློན་པ་	VERB
ཁྲག་འཛག་པ་	ཁྲག་འཛག་པ་	NO_POS
ལྔ་	ལྔ་	NUM
བཅུ་	བཅུ་	NUM
འི་	གི་	PART
དོ་ཤལ་	དོ་ཤལ་	OTHER
ཅན་	ཅན་	PART
།		PUNCT
རུས་པ་	རུས་པ་	NOUN
འི་	གི་	PART
རྒྱན་	རྒྱན་	NOUN
དྲུག་	དྲུག་	NUM
དང་	དང་	NO_POS
སྦྲུལ་	སྦྲུལ་	NOUN
གྱིས་	གིས་	PART
བརྒྱན་པ་	བརྒྱན་པ་	VERB
།		PUNCT
སྟག་	སྟག་	NOUN
གི་	གི་	PART
ལྤགས་པ་	ལྤགས་པ་	NOUN
འི་	གི་	PART
ཤམ་ཐབས་	ཤམ་ཐབས་	NOUN
ཅན་	ཅན་	PART
།		PUNCT
ད་	ད་	NOUN
སྣ་ཚོགས་	སྣ་ཚོགས་	DET
ཀྱིས་	གིས་	PART
ཅོད་	ཅོད་	NO_POS
པཎ་	པཎ་	NO_POS
དང་	དང་	NO_POS
།		PUNCT
ལྷབ་ལྷུབ་	ལྷབ་ལྷུབ་	OTHER
ཀྱིས་	གིས་	PART
ཀླུབས་པ་	ཀླུབས་པ་	NO_POS
།		PUNCT
ཞབས་	ཞབས་	NOUN
གཡའ་	གཡའ་	NOUN
བསྐུམ་	བསྐུམ་	NO_POS
གཡོན་	གཡོན་	NOUN
བརྐྱང་བ་	བརྐྱང་བ་	VERB
འི་	གི་	PART
སྟབས་	སྟབས་	NOUN
ཀྱི་	གི་	PART
བཞུགས་པ་	བཞུགས་པ་	VERB
།		PUNCT
གཙོ་བོ་	གཙོ་བོ་	ADJ
འི་	གི་	PART
སྟེང་	སྟེང་	NOUN
གི་	གི་	PART
ཆ་	ཆ་	NOUN
ར་	ལ་	PART
རིགས་	རིགས་	NOUN
ལྔ་	ལྔ་	NUM
འི་	གི་	PART
ཁྱུང་ཆེན་	ཁྱུང་ཆེན་	NOUN
ནམ་མཁ་	ནམ་མཁའ་	NOUN
ར་	ལ་	PART
ལྡིང་བ་	ལྡིང་བ་	VERB
།		PUNCT
གཡའ་	གཡའ་	NOUN
སུ་	ལ་	PART
བྱ་	བྱ་	VERB
ནག་	ནག་	VERB
གཤོག་	གཤོག་	VERB
སྐོར་	སྐོར་	NOUN
བྱེད་པ་	བྱེད་པ་	VERB
།		PUNCT
གཡོན་	གཡོན་	NOUN
དུ་	ལ་	PART
ཁྱི་	ཁྱི་	NOUN
ནག་	ནག་	VERB
འཁང་	འཁང་	NO_POS
ཞིང་	ཅིང་	PART
ཟུག་པ་	ཟུག་པ་	VERB
།		PUNCT
རྒྱབ་	རྒྱབ་	NOUN
ཏུ་	ལ་	PART
ཅེ་སྤྱང་	ཅེ་སྤྱང་	NOUN
འབྲོས་འདེད་	འབྲོས་འདེད་	NO_POS
བྱེད་པ་	བྱེད་པ་	VERB
།		PUNCT
མདུན་	མདུན་	NOUN
དུ་	ལ་	PART
མི་ནག་	མི་ནག་	PROPN
འོ་དོད་	འོ་དོད་	INTJ
འབོད་པ་	འབོད་པ་	VERB
།		PUNCT
གཙོ་འཁོར་	གཙོ་འཁོར་	OTHER
ཐམས་ཅད་	ཐམས་ཅད་	DET
ཡེ་ཤེས་	ཡེ་ཤེས་	NOUN
ཀྱི་	གི་	PART
མེ་	མེ་	NOUN
འབར་བ་	འབར་བ་	VERB
འི་	གི་	PART
དབུ་	དབུ་	NOUN
ན་	ལ་	PART
བཞུགས་པ་	བཞུགས་པ་	VERB
།		PUNCT
འཁོར་	འཁོར་	NOUN
ཁྲོ་བོ་	ཁྲོ་བོ་	NOUN
བཅུ་	བཅུ་	NUM
ལ་	ལ་	PART
གཎྜཱི་		NON_WORD
མི་	མི་	PART
དགོས་	དགོས་	VERB
།		PUNCT
ཐུན་མོང་	ཐུན་མོང་	ADJ
མ་ཡིན་པ་	མ་ཡིན་པ་	OTHER
འི་	གི་	PART
སྲུང་འཁོར་	སྲུང་འཁོར་	NOUN
གྱི་	གི་	PART
ཕྱི་རོལ་	ཕྱི་རོལ་	NOUN
དུ་	ལ་	PART
།		PUNCT
དུར་ཁྲོད་	དུར་ཁྲོད་	NOUN
ཆེན་པོ་	ཆེན་པོ་	ADJ
བརྒྱད་	བརྒྱད་	NUM
།		PUNCT
དེ་དག་	དེ་དག་	OTHER
ལ་	ལ་	PART
གནས་པ་	གནས་པ་	VERB
འི་	གི་	PART
ཤིང་	ཅིང་	PART
བརྒྱད་	བརྒྱད་	NUM
།		PUNCT
ཤིང་	ཅིང་	PART
གི་	གི་	PART
རྩ་བ་	རྩ་བ་	NOUN
ལ་	ལ་	PART
གནས་པ་	གནས་པ་	VERB
འི་	གི་	PART
ཕྱོགས་སྐྱོང་	ཕྱོགས་སྐྱོང་	NO_POS
བརྒྱད་	བརྒྱད་	NUM
།		PUNCT
ཤིང་	ཅིང་	PART
གི་	གི་	PART
ཡལ་ག་	ཡལ་ག་	NOUN
ལ་	ལ་	PART
གནས་པ་	གནས་པ་	VERB
འི་	གི་	PART
ཞིང་སྐྱོང་	ཞིང་སྐྱོང་	NOUN
བརྒྱད་	བརྒྱད་	NUM
།		PUNCT
སྟེང་	སྟེང་	NOUN
གི་	གི་	PART
ནམ་མཁའ་	ནམ་མཁའ་	NOUN
ལ་	ལ་	PART
གནས་པ་	གནས་པ་	VERB
འི་	གི་	PART
སྤྲིན་	སྤྲིན་	NOUN
བརྒྱད་	བརྒྱད་	NUM
།		PUNCT
དེ་དག་	དེ་དག་	OTHER
ལ་	ལ་	PART
གནས་པ་	གནས་པ་	VERB
འི་	གི་	PART
ཀླུ་ཆེན་པོ་	ཀླུ་ཆེན་པོ་	NO_POS
བརྒྱད་	བརྒྱད་	NUM
།		PUNCT
རྒྱལ་པོ་	རྒྱལ་པོ་	NOUN
ཆེན་པོ་	ཆེན་པོ་	ADJ
སྡེ་	སྡེ་	NOUN
བཞི་	བཞི་	NUM
།		PUNCT
ལྷ་ཆེན་པོ་	ལྷ་ཆེན་པོ་	NOUN
བརྒྱད་	བརྒྱད་	NUM
།		PUNCT
གཟའ་	གཟའ་	NOUN
ཆེན་པོ་	ཆེན་པོ་	ADJ
བརྒྱད་	བརྒྱད་	NUM
།		PUNCT
འཇིགས་བྱེད་	འཇིགས་བྱེད་	OTHER
ཆེན་པོ་	ཆེན་པོ་	ADJ
དགུ་	དགུ་	NUM
།		PUNCT
གནོད་སྦྱིན་	གནོད་སྦྱིན་	NOUN
གྱི་	གི་	PART
སྡེ་དཔོན་	སྡེ་དཔོན་	OTHER
ཆེན་པོ་	ཆེན་པོ་	ADJ
བཅུ་གཉིས་	བཅུ་གཉིས་	NO_POS
།		PUNCT
རྒྱུ་སྐར་	རྒྱུ་སྐར་	NOUN
ཉི་ཤུ་	ཉི་ཤུ་	NUM
རྩ་	རྩ་	NUM
བརྒྱད་	བརྒྱད་	NUM
།		PUNCT
དཔལ་མགོན་	དཔལ་མགོན་	OTHER
བདུན་ཅུ་	བདུན་ཅུ་	NO_POS
རྩ་	རྩ་	NUM
གཉིས་	གཉིས་	NUM
།		PUNCT
གཞན་	གཞན་	DET
ཡང་	ཀྱང་	PART
ཆུ་	ཆུ་	NOUN
བརྒྱད་	བརྒྱད་	NUM
།		PUNCT
མེ་	མེ་	NOUN
བརྒྱད་	བརྒྱད་	NUM
།		PUNCT
མཆོད་རྟེན་	མཆོད་རྟེན་	NOUN
བརྒྱད་	བརྒྱད་	NUM
།		PUNCT
གྲུབ་པ་	གྲུབ་པ་	VERB
ཐོབ་པ་	ཐོབ་པ་	VERB
འི་	གི་	PART
དཔའ་བོ་	དཔའ་བོ་	NOUN
དང་	དང་	NO_POS
།		PUNCT
རྣལ་འབྱོར་	རྣལ་འབྱོར་	NOUN
མ་	མ་	PART
དང་	དང་	NO_POS
།		PUNCT
མཁའ་འགྲོ་	མཁའ་འགྲོ་	NOUN
དང་	དང་	NO_POS
མཁའ་འགྲོ་	མཁའ་འགྲོ་	NOUN
མ་	མ་	PART
དང་	དང་	NO_POS
།		PUNCT
རོ་	རོ་	NOUN
དང་	དང་	NO_POS
རོ་ལངས་	རོ་ལངས་	OTHER
དང་	དང་	NO_POS
།		PUNCT
འདྲེ་	འདྲེ་	NOUN
དང་	དང་	NO_POS
སྲིན་པོ་	སྲིན་པོ་	NOUN
དང་	དང་	NO_POS
།		PUNCT
ཤ་ཟ་	ཤ་ཟ་	NOUN
དང་	དང་	NO_POS
ཅེ་སྤྱང་	ཅེ་སྤྱང་	NOUN
གི་	གི་	PART
ཚོགས་	ཚོགས་	NOUN
དཔག་	དཔག་	VERB
ཏུ་	ལ་	PART
མེད་པ་	མེད་པ་	VERB
ས་	གིས་	PART
བསྐོར་བ་	བསྐོར་བ་	VERB
།		PUNCT
དྲག་པོ་	དྲག་པོ་	ADJ
འི་	གི་	PART
དུར་ཁྲོད་	དུར་ཁྲོད་	NOUN
ཤིན་ཏུ་	ཤིན་ཏུ་	NO_POS
འཇིགས་	འཇིགས་	VERB
ཤིང་	ཅིང་	PART
སྐྱི་	སྐྱི་	NO_POS
གཡའ་བ་	གཡའ་བ་	VERB
དང་	དང་	NO_POS
བཅས་པ་	བཅས་པ་	VERB
ར་	ལ་	PART
གྱུར་	གྱུར་	VERB
།		PUNCT
ནང་	ནང་	NOUN
གི་	གི་	PART
ལྷ་	ལྷ་	NOUN
རྣམས་	རྣམས་	DET
ཀྱི་	གི་	PART
དཔྲལ་བ་	དཔྲལ་བ་	NOUN
ར་	ལ་	PART
ཨོཾ་	ཨོཾ་	X
དཀར་པོ་	དཀར་པོ་	ADJ
།		PUNCT
མགྲིན་པ་	མགྲིན་པ་	NOUN
ར་	ལ་	PART
ཨཱཿ་		NON_WORD
དམར་པོ་	དམར་པོ་	ADJ
།		PUNCT
ཐུགས་	ཐུགས་	NOUN
ཁ་	ཁ་	PRON
ར་	ལ་	PART
ཧཱུྃ་		NON_WORD
སྔོན་པོ་	སྔོན་པོ་	ADJ
།		PUNCT
གཙོ་བོ་	གཙོ་བོ་	ADJ
འི་	གི་	PART
ཐུགས་ཀ་	ཐུགས་ཀ་	NOUN
འི་	གི་	PART
སྟོད་	སྟོད་	NOUN
དུ་	ལ་	PART
པདྨ་	པདྨ་	NOUN
ཉི་མ་	ཉི་མ་	NOUN
འི་	གི་	PART
སྟེང་	སྟེང་	NOUN
དུ་	ལ་	PART
རྡོ་རྗེ་	རྡོ་རྗེ་	NOUN
གྲི་གུག་	གྲི་གུག་	NOUN
སྔོ་ནག་	སྔོ་ནག་	NO_POS
གི་	གི་	PART
ཡུ་བ་	ཡུ་བ་	NOUN
ར་	ལ་	PART
ཉི་མ་	ཉི་མ་	NOUN
འི་	གི་	PART
སྟེང་	སྟེང་	NOUN
དུ་	ལ་	PART
ཧཱུྃ་		NON_WORD
གིས་	གིས་	PART
མཚན་པ་	མཚན་པ་	VERB
།		PUNCT
དེ་ལས་	དེ་ལས་	NO_POS
འོད་འཕྲོ་	འོད་འཕྲོ་	NO_POS
ས་པ་	ས་པ་	PART
ས་	གིས་	PART
རང་བཞིན་	རང་བཞིན་	NOUN
གྱི་	གི་	PART
གནས་	གནས་	NOUN
ན་	ནས་	PART
གུ་	གུ་	NOUN
གྱི་	གི་	PART
མགོན་པོ་	མགོན་པོ་	NOUN
ཁྲོ་བོ་	ཁྲོ་བོ་	NOUN
བཅུ་གཅིག་	བཅུ་གཅིག་	NO_POS
བསྲུང་བ་	བསྲུང་བ་	VERB
འི་	གི་	PART
འཁོར་ལོ་	འཁོར་ལོ་	NOUN
དང་	དང་	NO_POS
བཅས་པ་	བཅས་པ་	VERB
ཨོཾ་	ཨོཾ་	X
བཛྲ་	བཛྲ་	NO_POS
ས་	ས་	ADP
མཱ་	མཱ་	NO_POS
ཛཿ་		NON_WORD
ཨོཾ་	ཨོཾ་	X
ཨརྒྷཾ་		NON_WORD
		
པཱ་	པཱ་	NO_POS
དྱཾ་		NON_WORD
		
པུཥྤཾ་		NON_WORD
		
དྷཱུ་		NON_WORD
པཾ་		NON_WORD
		
དཱི་		NON_WORD
པཾ་		NON_WORD
		
གནྡྷཾ་		NON_WORD
		
ནཻ་		NON_WORD
ཝི་		NON_WORD
དྱཾ་		NON_WORD
		
ཤཔྟ་		NON_WORD
པྲ་	པྲ་	NOUN
ཏཱིཙྪ་		NON_WORD
སྭཱཧཱ་		NON_WORD
།		PUNCT
ཛཿ་		NON_WORD
ཧཱུྃ་		NON_WORD
བཾ་		NON_WORD
ཧོཿ་		NON_WORD
གཉིས་	གཉིས་	NUM
སུ་	ལ་	PART
མེད་པ་	མེད་པ་	VERB
ར་	ལ་	PART
ཐིམ་	ཐིམ་	NO_POS
།		PUNCT
སླར་ཡང་	སླར་ཡང་	OTHER
འོད་འཕྲོ་	འོད་འཕྲོ་	NO_POS
ས་པ་	ས་པ་	PART
ས་	གིས་	PART
དབང་	དབང་	NOUN
གི་	གི་	PART
ལྷ་	ལྷ་	NOUN
རིགས་	རིགས་	NOUN
ལྔ་	ལྔ་	NUM
འཁོར་	འཁོར་	NOUN
དང་	དང་	NO_POS
བཅས་པ་	བཅས་པ་	VERB
བཛྲ་	བཛྲ་	NO_POS
ས་	ས་	ADP
མཱ་	མཱ་	NO_POS
ཛཿ་		NON_WORD
ཨརྒྷཾ་		NON_WORD
སོགས་	སོགས་	DET
ཀྱིས་	གིས་	PART
གོང་	གོང་	NOUN
བཞིན་	བཞིན་	NOUN
མཆོད་	མཆོད་	VERB
།		PUNCT
དེ་བཞིན་	དེ་བཞིན་	OTHER
གཤེགས་པ་	གཤེགས་པ་	VERB
ཐམས་ཅད་	ཐམས་ཅད་	DET
ཀྱི་	གི་	PART
བདག་	བདག་	PRON
ལ་	ལ་	PART
མངོན་པ་	མངོན་པ་	OTHER
དབང་	དབང་	NOUN
བསྐུར་བ་	བསྐུར་བ་	VERB
སྩལ་	སྩལ་	VERB
དུ་	ལ་	PART
གསོལ་	གསོལ་	VERB
།		PUNCT
ཞེ་	ཅེས་	PART
གསོལ་བ་	གསོལ་བ་	VERB
བཏབ་པ་	བཏབ་པ་	VERB
ས་	གིས་	PART
།		PUNCT
དབང་	དབང་	NOUN
གི་	གི་	PART
ལྷ་	ལྷ་	NOUN
རྣམས་	རྣམས་	DET
ཀྱིས་	གིས་	PART
ཨོཾ་	ཨོཾ་	X
སརྦ་	སརྦ་	NO_POS
ཏ་	ཏ་	OTHER
ཐཱ་		NON_WORD
ག་	ག་	PRON
ཏ་	ཏ་	OTHER
ཨ་	ཨ་	X
བྷི་		NON_WORD
ཥེ་		NON_WORD
ཀ་	ཀ་	DET
ཏ་	ཏ་	OTHER
ས་	ས་	ADP
མཱ་	མཱ་	NO_POS
ཡ་	ཡ་	NOUN
ཤྲཱི་		NON_WORD
ཧཱུྃ་		NON_WORD
།		PUNCT
ཞེ་	ཅེས་	PART
གསུང་	གསུང་	VERB
ཞིང་	ཅིང་	PART
བུམ་པ་	བུམ་པ་	NOUN
འི་	གི་	PART
ཆུ་	ཆུ་	VERB
སྤྱི་བོ་	སྤྱི་བོ་	NOUN
ན་	ནས་	PART
དབང་	དབང་	NOUN
བསྐུར་	བསྐུར་	NO_POS
།		PUNCT
སྐུ་	སྐུ་	NOUN
གང་	གང་	NO_POS
།		PUNCT
དྲི་མ་	དྲི་མ་	NOUN
དག་	དག་	DET
ཆུ་	ཆུ་	NOUN
ལྷག་མ་	ལྷག་མ་	NOUN
ཡ་	ཡ་	OTHER
ལུད་པ་	ལུད་པ་	VERB
ལ་	ལ་	ADP
ས་	གིས་	PART
གཙོ་འཁོར་	གཙོ་འཁོར་	OTHER
ཐམས་ཅད་	ཐམས་ཅད་	DET
ལ་	ལ་	PART
མི་བསྐྱོད་པ་	མི་བསྐྱོད་པ་	NO_POS
རེ་རེ་	རེ་རེ་	DET
ས་	གིས་	PART
དབུ་	དབུ་	NOUN
བརྒྱན་	བརྒྱན་	VERB
།		PUNCT
དེ་ནས་	དེ་ནས་	NO_POS
བསྲུང་	བསྲུང་	NO_POS
ཟློག་	ཟློག་	VERB
བསད་	བསད་	NO_POS
གསུམ་	གསུམ་	NUM
གྱི་	གི་	PART
དམིགས་པ་	དམིགས་པ་	VERB
ལ་	ལ་	ADP
ས་	གིས་	PART
།		PUNCT
ཐོག་མ་	ཐོག་མ་	NOUN
ར་	ལ་	PART
བསྲུང་བ་	བསྲུང་བ་	VERB
འདི་	འདི་	DET
རྒྱུན་	རྒྱུན་	NOUN
གྱི་	གི་	PART
ཉམས་ལེན་	ཉམས་ལེན་	NOUN
སོགས་	སོགས་	DET
ལ་	ལ་	PART
གལ་ཆེ་	གལ་ཆེ་	OTHER
བ་	བ་	ADP
།		PUNCT
དེ་	སྟེ་	PART
ལ་	ལ་	PART
རང་	རང་	PRON
གི་	གི་	PART
སྙིང་ཁ་	སྙིང་ཁ་	NOUN
འི་	གི་	PART
གྲི་གུག་	གྲི་གུག་	NOUN
གི་	གི་	PART
ཡུ་བ་	ཡུ་བ་	NOUN
འི་	གི་	PART
ནང་	ནང་	NOUN
ཉི་མ་	ཉི་མ་	NOUN
འི་	གི་	PART
སྟེང་	སྟེང་	NOUN
ན་	ལ་	PART
རང་	རང་	PRON
གི་	གི་	PART
སེམས་ཉིད་	སེམས་ཉིད་	NOUN
ཀྱི་	གི་	PART
ངོ་བོ་	ངོ་བོ་	NOUN
ཧཱུྃ་		NON_WORD
མཐིང་ནག་	མཐིང་ནག་	NO_POS
གི་	གི་	PART
རྣམ་པ་	རྣམ་པ་	NOUN
ར་	ལ་	PART
བསྟོད་པ་	བསྟོད་པ་	VERB
།		PUNCT
དེ་	དེ་	DET
འི་	གི་	PART
ཀླད་ཀོར་	ཀླད་ཀོར་	NO_POS
གྱི་	གི་	PART
ནང་	ནང་	NOUN
དུ་	ལ་	PART
རང་	རང་	PRON
གི་	གི་	PART
རྩ་བ་	རྩ་བ་	NOUN
འི་	གི་	PART
བླ་མ་	བླ་མ་	NOUN
མི་བསྐྱོད་པ་	མི་བསྐྱོད་པ་	NO_POS
ལོངས་སྐུ་	ལོངས་སྐུ་	NOUN
ཡུམ་	ཡུམ་	NOUN
མེད་	མེད་	VERB
ཞབས་	ཞབས་	NOUN
རྡོ་རྗེ་	རྡོ་རྗེ་	NOUN
འི་	གི་	PART
སྐྱིལ་ཀྲུང་	སྐྱིལ་ཀྲུང་	NOUN
གིས་	གིས་	PART
བཞུགས་པ་	བཞུགས་པ་	VERB
དེ་ཉིད་	དེ་ཉིད་	NOUN
།		PUNCT
རང་	རང་	PRON
གི་	གི་	PART
ཆོས་འབྲེལ་	ཆོས་འབྲེལ་	OTHER
ཐོབ་པ་	ཐོབ་པ་	VERB
འི་	གི་	PART
བླ་མ་	བླ་མ་	NOUN
ཞལ་བཞུགས་	ཞལ་བཞུགས་	NO_POS
ཐམས་ཅད་	ཐམས་ཅད་	DET
འདུས་པ་	འདུས་པ་	VERB
ར་	ལ་	PART
བསམ་	བསམ་	NOUN
།		PUNCT
དེ་	དེ་	DET
འི་	གི་	PART
པད་གདན་	པད་གདན་	NO_POS
འོག་	འོག་	NOUN
ཏུ་	ལ་	PART
བླ་མ་	བླ་མ་	NOUN
རྣམས་	རྣམས་	DET
ཀྱི་	གི་	PART
མཚན་	མཚན་	NOUN
ཡིག་	ཡིག་	NOUN
དང་པོ་	དང་པོ་	ADJ
བསམ་པ་	བསམ་པ་	VERB
ས་	གིས་	PART
སྐུ་	སྐུ་	NOUN
དང་	དང་	NO_POS
གསུང་	གསུང་	VERB
།		PUNCT
ཧཱུྃ་		NON_WORD
གི་	གི་	PART
མདུན་	མདུན་	NOUN
དུ་	ལ་	PART
ཕ་མ་	ཕ་མ་	NOUN
དང་	དང་	NO_POS
འཇིག་རྟེན་པ་	འཇིག་རྟེན་པ་	NOUN
འི་	གི་	PART
དཔོན་པོ་	དཔོན་པོ་	NOUN
བསྲུང་	བསྲུང་	NO_POS
དགོས་	དགོས་	VERB
ཡོད་	ཡོད་	VERB
ན་	ལ་	PART
དེ་	སྟེ་	PART
དང་	དང་	NO_POS
།		PUNCT
གཡའ་	གཡའ་	NOUN
སུ་	ལ་	PART
བུ་	བུ་	NOUN
དང་	དང་	NO_POS
ཆུང་མ་	ཆུང་མ་	NOUN
།		PUNCT
གཡོན་	གཡོན་	NOUN
དུ་	ལ་	PART
སྤུན་ཟླ་	སྤུན་ཟླ་	OTHER
།		PUNCT
རྒྱབ་	རྒྱབ་	NOUN
ཏུ་	ལ་	PART
འཁོར་གཡོག་	འཁོར་གཡོག་	NOUN
སློབ་མ་	སློབ་མ་	NOUN
།		PUNCT
འོག་	འོག་	NOUN
ཏུ་	ལ་	PART
ནོར་རྫས་	ནོར་རྫས་	NOUN
ཁང་ཞིང་	ཁང་ཞིང་	NOUN
སོགས་	སོགས་	DET
ཡོད་པ་	ཡོད་པ་	VERB
ར་	ལ་	PART
བསམ་	བསམ་	NOUN
།		PUNCT
ཧཱུྃ་		NON_WORD
གི་	གི་	PART
ཞབས་ཀྱུ་	ཞབས་ཀྱུ་	NO_POS
འི་	གི་	PART
ནང་	ནང་	NOUN
དུ་	ལ་	PART
རང་	རང་	PRON
གི་	གི་	PART
མིང་ཡིག་	མིང་ཡིག་	NO_POS
དང་པོ་	དང་པོ་	ADJ
།		PUNCT
དེ་	དེ་	DET
འི་	གི་	PART
གཡས་གཡོན་	གཡས་གཡོན་	NOUN
མདུན་རྒྱབ་	མདུན་རྒྱབ་	NO_POS
རྣམས་	རྣམས་	DET
སུ་	ལ་	PART
གོང་	གོང་	NOUN
བཞིན་	བཞིན་	NOUN
ཕ་མ་	ཕ་མ་	NOUN
སོགས་	སོགས་	DET
ཀྱི་	གི་	PART
མིང་ཡིག་	མིང་ཡིག་	NO_POS
དང་པོ་	དང་པོ་	ADJ
སྤུ་ཤད་	སྤུ་ཤད་	NOUN
ཀྱི་	གི་	PART
བྲིས་པ་	བྲིས་པ་	VERB
ཙམ་	ཙམ་	DET
བསྒོམ་པ་	བསྒོམ་པ་	VERB
སྟེ་	སྟེ་	PART
ལུས་ངག་	ལུས་ངག་	NOUN
གཉིས་	གཉིས་	NUM
།		PUNCT
དེ་ནས་	དེ་ནས་	NO_POS
རང་ཉིད་	རང་ཉིད་	OTHER
ནག་པོ་	ནག་པོ་	ADJ
ཆེན་པོ་	ཆེན་པོ་	ADJ
ར་	ལ་	PART
གསལ་བ་	གསལ་བ་	VERB
འི་	གི་	PART
ཐུགས་	ཐུགས་	NOUN
ཁ་	ཁ་	PRON
ན་	ནས་	PART
འོད་འཕྲོ་	འོད་འཕྲོ་	NO_POS
ས་	གིས་	PART
།		PUNCT
བླ་མ་	བླ་མ་	NOUN
དང་	དང་	NO_POS
བསྲུང་	བསྲུང་	NO_POS
བྱ་	བྱ་	VERB
རྣམས་	རྣམས་	DET
ཀྱི་	གི་	PART
ཐུགས་	ཐུགས་	NOUN
དང་	དང་	NO_POS
རྣམ་ཤེས་	རྣམ་ཤེས་	NOUN
རང་རང་	རང་རང་	NO_POS
གི་	གི་	PART
མཚན་	མཚན་	NOUN
དང་	དང་	NO_POS
མིང་ཡིག་	མིང་ཡིག་	NO_POS
དང་པོ་	དང་པོ་	ADJ
འི་	གི་	PART
རྣམ་པ་	རྣམ་པ་	NOUN
ར་	ལ་	PART
བཀུག་	བཀུག་	VERB
ན་	ནས་	PART
།		PUNCT
ཧཱུྃ་		NON_WORD
གི་	གི་	PART
ནང་	ནང་	NOUN
གི་	གི་	PART
མཚན་	མཚན་	NOUN
དང་	དང་	NO_POS
མིང་ཡིག་	མིང་ཡིག་	NO_POS
དང་པོ་	དང་པོ་	ADJ
རྣམས་	རྣམས་	DET
ལ་	ལ་	PART
ཐིམ་པ་	ཐིམ་པ་	VERB
ས་	གིས་	PART
སྐུ་གསུང་ཐུགས་	སྐུ་གསུང་ཐུགས་	NOUN
དང་	དང་	NO_POS
ལུས་ངག་	ལུས་ངག་	NOUN
ཡིད་	ཡིད་	NOUN
གསུམ་	གསུམ་	NUM
ཚང་	ཚང་	VERB
།		PUNCT
ཧཱུྃ་		NON_WORD
དང་	དང་	NO_POS
བསྲུང་	བསྲུང་	NO_POS
བྱ་	བྱ་	VERB
རྣམས་	རྣམས་	DET
ཀྱི་	གི་	PART
མཐ་	མཐའ་	NOUN
ར་	ལ་	PART
ཡི་གེ་	ཡི་གེ་	NOUN
བཅུ་གཉིས་པ་	བཅུ་གཉིས་པ་	NO_POS
།		PUNCT
བདུན་པ་	བདུན་པ་	NUM
།		PUNCT
རྩ་སྔགས་	རྩ་སྔགས་	NO_POS
རྣམས་	རྣམས་	DET
ཀྱིས་	གིས་	PART
བསྐོར་བ་	བསྐོར་བ་	VERB
ར་	ལ་	PART
བསམ་པ་	བསམ་པ་	VERB
འི་	གི་	PART
སྔགས་	སྔགས་	NOUN
ཕྲེང་	ཕྲེང་	OTHER
རྣམས་	རྣམས་	DET
དང་	དང་	NO_POS
།		PUNCT
སྙིང་ཁ་	སྙིང་ཁ་	NOUN
འི་	གི་	PART
ཧཱུྃ་		NON_WORD
ལ་	ལ་	ADP
ས་	གིས་	PART
འོད་འཕྲོ་	འོད་འཕྲོ་	NO_POS
ས་པ་	ས་པ་	PART
ས་	གིས་	PART
རང་	རང་	PRON
དང་	དང་	NO_POS
བསྲུང་	བསྲུང་	NO_POS
བྱ་	བྱ་	VERB
རྣམས་	རྣམས་	DET
ཀྱི་	གི་	PART
ལུས་	ལུས་	NOUN
ཀྱི་	གི་	PART
ནང་	ནང་	NOUN
གང་བ་	གང་བ་	VERB
ས་	གིས་	PART
།		PUNCT
ནད་གདོན་	ནད་གདོན་	OTHER
སྡིག་སྒྲིབ་	སྡིག་སྒྲིབ་	NOUN
ཐམས་ཅད་	ཐམས་ཅད་	DET
ཕྱི་	ཕྱི་	OTHER
བཏོན་	བཏོན་	NO_POS
།		PUNCT
བ་སྤུ་	བ་སྤུ་	NOUN
འི་	གི་	PART
བུ་ག་	བུ་ག་	NOUN
ཐམས་ཅད་	ཐམས་ཅད་	DET
རྡོ་རྗེ་	རྡོ་རྗེ་	NOUN
སྔོན་པོ་	སྔོན་པོ་	ADJ
ན་	ནས་	PART
འབྲས་	འབྲས་	NOUN
ཙམ་	ཙམ་	DET
གྱིས་	གིས་	PART
གཏམས་པ་	གཏམས་པ་	NO_POS
ར་	ལ་	PART
བསམ་པ་	བསམ་པ་	VERB
ལུས་	ལུས་	NOUN
བསྲུང་བ་	བསྲུང་བ་	VERB
།		PUNCT
རང་	རང་	PRON
དང་	དང་	NO_POS
བསྲུང་	བསྲུང་	NO_POS
བྱ་	བྱ་	VERB
རྣམས་	རྣམས་	DET
ཀྱི་ལྕེ་	ཀྱི་ལྕེ་	NO_POS
རྡོ་རྗེ་	རྡོ་རྗེ་	NOUN
སྔོན་པོ་	སྔོན་པོ་	ADJ
རྩེ་	རྩེ་	NOUN
ལྔ་པ་	ལྔ་པ་	NUM
དེ་	དེ་	DET
འི་	གི་	PART
བར་མཚམས་	བར་མཚམས་	NOUN
ཐམས་ཅད་	ཐམས་ཅད་	DET
རྡོ་རྗེ་	རྡོ་རྗེ་	NOUN
ན་	ནས་	PART
འབྲས་	འབྲས་	NOUN
ཙམ་	ཙམ་	DET
གྱི་	གི་	PART
གཏམས་པ་	གཏམས་པ་	NO_POS
ར་	ལ་	PART
བསམས་པ་	བསམས་པ་	VERB
ངག་	ངག་	NOUN
བསྲུང་བ་	བསྲུང་བ་	VERB
།		PUNCT
རང་	རང་	PRON
གི་	གི་	PART
སེམས་	སེམས་	NOUN
དང་	དང་	NO_POS
བླ་མ་	བླ་མ་	NOUN
འི་	གི་	PART
ཐུགས་	ཐུགས་	NOUN
།		PUNCT
བསྲུང་	བསྲུང་	NO_POS
བྱ་	བྱ་	VERB
རྣམས་	རྣམས་	DET
ཀྱི་	གི་	PART
སེམས་	སེམས་	NOUN
དབྱེ་	དབྱེ་	VERB
ར་	ལ་	PART
མེད་པ་	མེད་པ་	VERB
།		PUNCT
དེ་	སྟེ་	PART
ཁོ་ན་ཉིད་	ཁོ་ན་ཉིད་	NO_POS
རྒྱ་མཚོ་	རྒྱ་མཚོ་	NOUN
འི་	གི་	PART
དོན་	དོན་	NOUN
དང་	དང་	NO_POS
མ་	མ་	PART
བྲལ་བ་	བྲལ་བ་	VERB
འི་	གི་	PART
ངང་	ངང་	NOUN
དུ་	ལ་	PART
བཞག་པ་	བཞག་པ་	VERB
སེམས་	སེམས་	NOUN
བསྲུང་བ་	བསྲུང་བ་	VERB
འི་	གི་	PART
མཆོག་	མཆོག་	ADJ
སྟེ་	སྟེ་	PART
ལུས་ངག་	ལུས་ངག་	NOUN
ཡིད་	ཡིད་	NOUN
གསུམ་	གསུམ་	NUM
བསྲུང་བ་	བསྲུང་བ་	VERB
འོ་	གོ་	PART
། །		PUNCT
ཡང་སྙིང་	ཡང་སྙིང་	NOUN
ཁ་	ཁ་	PRON
འི་	གི་	PART
ཧཱུྃ་		NON_WORD
ལ་	ལ་	ADP
ས་	གིས་	PART
འོད་འཕྲོ་	འོད་འཕྲོ་	NO_POS
ས་	གིས་	PART
འཁོར་ལོ་	འཁོར་ལོ་	NOUN
ལ་	ལ་	PART
ཕོག་པ་	ཕོག་པ་	VERB
ས་	གིས་	PART
འཁོར་ལོ་	འཁོར་ལོ་	NOUN
གཡའ་	གཡའ་	NOUN
སུ་	ལ་	PART
འཁོར་བ་	འཁོར་བ་	NOUN
ས་	གིས་	PART
དགྲ་བགེགས་	དགྲ་བགེགས་	OTHER
ཕྱེ་མ་	ཕྱེ་མ་	OTHER
བཏང་བ་	བཏང་བ་	VERB
ར་	ལ་	PART
བསམ་	བསམ་	NOUN
།		PUNCT
ཁྲོ་བོ་	ཁྲོ་བོ་	NOUN
རྣམས་	རྣམས་	DET
བར་སྣང་	བར་སྣང་	NOUN
དུ་	ལ་	PART
བཞུགས་པ་	བཞུགས་པ་	VERB
ས་	གིས་	PART
མི་	མི་	PART
འཁོར་བ་	འཁོར་བ་	NOUN
འོ་	གོ་	PART
། །		PUNCT
ཡང་	ཀྱང་	PART
ཧཱུྃ་		NON_WORD
ལ་	ལ་	ADP
ས་	གིས་	PART
འོད་འཕྲོ་	འོད་འཕྲོ་	NO_POS
ས་	གིས་	PART
ཕྱི་	ཕྱི་	NOUN
རིགས་	རིགས་	NOUN
འཇིག་རྟེན་	འཇིག་རྟེན་	NOUN
སྐྱོང་བ་	སྐྱོང་བ་	VERB
རྣམས་	རྣམས་	DET
ལ་	ལ་	PART
ཕོག་པ་	ཕོག་པ་	VERB
ས་	གིས་	PART
རང་རང་	རང་རང་	NO_POS
གི་	གི་	PART
སྲོག་	སྲོག་	NOUN
སྙིང་	སྙིང་	NOUN
ཕུལ་	ཕུལ་	VERB
ན་	ནས་	PART
ཕྲིན་ལས་	ཕྲིན་ལས་	NOUN
རང་དབང་	རང་དབང་	NOUN
མེད་པ་	མེད་པ་	VERB
ར་	ལ་	PART
བསྒྲུབ་པ་	བསྒྲུབ་པ་	VERB
ར་	ལ་	PART
བསམ་	བསམ་	NOUN
།		PUNCT
ཡང་	ཀྱང་	PART
ཧཱུྃ་		NON_WORD
ལ་	ལ་	ADP
ས་	གིས་	PART
འོད་འཕྲོ་	འོད་འཕྲོ་	NO_POS
ས་	གིས་	PART
ཁྲོ་བོ་	ཁྲོ་བོ་	NOUN
བཅུ་	བཅུ་	NUM
ཕྱི་	ཕྱི་	NOUN
རིགས་སྐྱོང་བ་	རིགས་སྐྱོང་བ་	NO_POS
སྲུང་འཁོར་	སྲུང་འཁོར་	NOUN
དང་	དང་	NO_POS
བཅས་པ་	བཅས་པ་	VERB
ལ་	ལ་	PART
ཕོག་པ་	ཕོག་པ་	VERB
ས་	གིས་	PART
།		PUNCT
དེ་	སྟེ་	PART
ཐམས་ཅད་	ཐམས་ཅད་	DET
ལ་	ལ་	ADP
ས་	གིས་	PART
།		PUNCT
ལས་མཁན་	ལས་མཁན་	NO_POS
མཚོན་ཆ་	མཚོན་ཆ་	NOUN
ཐོགས་པ་	ཐོགས་པ་	VERB
དང་	དང་	NO_POS
།		PUNCT
བསྐལ་པ་	བསྐལ་པ་	NOUN
འཇིགས་པ་	འཇིགས་པ་	VERB
འི་	གི་	PART
དུས་	དུས་	NOUN
ཀྱི་	གི་	PART
མེ་	མེ་	NOUN
ལྟ་བུ་	ལྟ་བུ་	NOUN
འི་	གི་	PART
འོད་ཟེར་	འོད་ཟེར་	NOUN
དཔག་	དཔག་	VERB
ཏུ་	ལ་	PART
མེད་པ་	མེད་པ་	VERB
འཕྲོ་	འཕྲོ་	NOUN
ས་	གིས་	PART
།		PUNCT
སྟོང་གསུམ་	སྟོང་གསུམ་	OTHER
གྱི་	གི་	PART
ཁམས་	ཁམས་	NOUN
ཐམས་ཅད་	ཐམས་ཅད་	DET
ཁྱབ་	ཁྱབ་	VERB
།		PUNCT
སངས་རྒྱས་	སངས་རྒྱས་	NOUN
ཀྱི་	གི་	PART
བསྟན་པ་	བསྟན་པ་	VERB
དང་	དང་	NO_POS
།		PUNCT
བསྟན་པ་	བསྟན་པ་	VERB
འཛིན་པ་	འཛིན་པ་	VERB
འི་	གི་	PART
སྐྱེས་བུ་	སྐྱེས་བུ་	NOUN
།		PUNCT
སེམས་ཅན་	སེམས་ཅན་	NOUN
ཡོངས་	ཡོངས་	DET
དང་	དང་	NO_POS
།		PUNCT
རྣལ་འབྱོར་པ་	རྣལ་འབྱོར་པ་	NOUN
ལ་	ལ་	PART
གནོད་པ་	གནོད་པ་	VERB
ར་	ལ་	PART
བྱེད་པ་	བྱེད་པ་	VERB
འི་	གི་	PART
དགྲ་བགེགས་	དགྲ་བགེགས་	OTHER
གདུག་པ་	གདུག་པ་	ADJ
ཅན་	ཅན་	PART
ཐམས་ཅད་	ཐམས་ཅད་	DET
མེ་	མེ་	NOUN
ས་	གིས་	PART
བསྲེགས་	བསྲེགས་	NO_POS
།		PUNCT
མཚོན་ཆ་	མཚོན་ཆ་	NOUN
ས་	གིས་	PART
བཏུབ་		NON_WORD
།		PUNCT
ཤ་ཁྲག་	ཤ་ཁྲག་	NOUN
སྤྲུལ་པ་	སྤྲུལ་པ་	VERB
འི་	གི་	PART
ལས་མཁན་	ལས་མཁན་	NO_POS
རྣམས་	རྣམས་	DET
ཀྱི་	གི་	PART
ཟོ་	ཟོ་	VERB
།		PUNCT
རྣམ་ཤེས་	རྣམ་ཤེས་	NOUN
ཆོས་དབྱིངས་	ཆོས་དབྱིངས་	NOUN
སུ་	ལ་	PART
ཡལ་	ཡལ་	NO_POS
།		PUNCT
རང་	རང་	PRON
ལ་	ལ་	PART
བྱད་ཁ་	བྱད་ཁ་	NO_POS
རྦོད་གཏོང་	རྦོད་གཏོང་	NO_POS
།		PUNCT
མནན་གཏད་	མནན་གཏད་	NO_POS
བྱས་པ་	བྱས་པ་	VERB
ཐམས་ཅད་	ཐམས་ཅད་	DET
མེ་	མེ་	NOUN
ས་	གིས་	PART
བསྲེག་	བསྲེག་	VERB
ཅིང་	ཅིང་	PART
།		PUNCT
རླུང་	རླུང་	NOUN
གིས་	གིས་	PART
གཏོར་བ་	གཏོར་བ་	VERB
ར་	ལ་	PART
ཡང་ཡང་	ཡང་ཡང་	NO_POS
བསམས་	བསམས་	VERB
ལ་	ལ་	PART
།		PUNCT
ཡི་གེ་	ཡི་གེ་	NOUN
བཅུ་གཉིས་པ་	བཅུ་གཉིས་པ་	NO_POS
།		PUNCT
ཡི་གེ་	ཡི་གེ་	NOUN
བདུན་པ་	བདུན་པ་	NUM
།		PUNCT
ཤཱ་	ཤཱ་	NO_POS
ས་	ས་	ADP
ན་	ལ་	PART
ལ་	ལ་	PART
དི་		NON_WORD
ན་	ལ་	PART
མེ་	མེ་	NOUN
ཀེ་	ཀེ་	PROPN
ན་	ལ་	PART
མཱ་	མཱ་	NO_POS
ར་	ར་	ADP
ཡ་	ཡ་	NOUN
བཞག་པ་	བཞག་པ་	VERB
འི་པ་	འི་པ་	PART
ཙ་པ་	ཙ་པ་	OTHER
ཙ་	ཙ་	NOUN
ཧཱུྃ་		NON_WORD
ཕཊ་		NON_WORD
ཧཱུྃ་		NON_WORD
ཅེས་པ་	ཅེས་པ་	PART
རྣམས་	རྣམས་	DET
གཙོ་བོ་	གཙོ་བོ་	ADJ
ར་	ལ་	PART
རང་	རང་	PRON
གང་	གང་	NO_POS
མོ་	མོ་	VERB
དང་	དང་	NO_POS
།		PUNCT
གཞན་	གཞན་	DET
རྣམས་	རྣམས་	DET
ཀྱང་	ཀྱང་	PART
ཅི་རིགས་	ཅི་རིགས་	OTHER
སུ་	ལ་	PART
བཟླ་	བཟླ་	NO_POS
།		PUNCT
བཟླས་པ་	བཟླས་པ་	VERB
སྡུད་པ་	སྡུད་པ་	VERB
དང་	དང་	NO_POS
།		PUNCT
ཕྲེང་བ་	ཕྲེང་བ་	NOUN
རྡོ་རྗེ་	རྡོ་རྗེ་	NOUN
ཐལ་མོ་	ཐལ་མོ་	NOUN
འི་	གི་	PART
བ་	བ་	NOUN
དུ་	ལ་	PART
བཅུག་	བཅུག་	VERB
སྟེ་	སྟེ་	PART
ཕྲེང་བ་	ཕྲེང་བ་	NOUN
ལ་ཁ་	ལ་ཁ་	NOUN
རླངས་	རླངས་	OTHER
འཕོག་པ་	འཕོག་པ་	NON_WORD
ར་	ལ་	PART
བྱ་	བྱ་	VERB
ལ་	ལ་	PART
།		PUNCT
བདེ་བ་	བདེ་བ་	VERB
ར་	ལ་	PART
གཤེགས་པ་	གཤེགས་པ་	VERB
ཐམས་ཅད་	ཐམས་ཅད་	DET
ཀྱི་	གི་	PART
སྐུ་གསུང་ཐུགས་	སྐུ་གསུང་ཐུགས་	NOUN
ཡོན་ཏན་	ཡོན་ཏན་	NOUN
ཕྲིན་ལས་	ཕྲིན་ལས་	NOUN
ཐམས་ཅད་	ཐམས་ཅད་	DET
ཀྱི་	གི་	PART
བྱིན་	བྱིན་	VERB
གྱིས་	གིས་	PART
བརླབ་	བརླབ་	NO_POS
ཏུ་	ལ་	PART
གསོལ་	གསོལ་	VERB
།		PUNCT
ཕྱག་རྒྱ་	ཕྱག་རྒྱ་	NOUN
ཆེན་པོ་	ཆེན་པོ་	ADJ
མཆོག་	མཆོག་	ADJ
གི་	གི་	PART
དངོས་གྲུབ་	དངོས་གྲུབ་	NOUN
རྡོ་རྗེ་	རྡོ་རྗེ་	NOUN
ཆེན་པོ་	ཆེན་པོ་	ADJ
འི་	གི་	PART
གོ་	གོ་	PART
འཕངས་	འཕངས་	NO_POS
ཚེ་	ཚེ་	NOUN
འདི་ཉིད་	འདི་ཉིད་	OTHER
ལ་	ལ་	PART
ཐོབ་པ་	ཐོབ་པ་	VERB
ར་	ལ་	PART
བྱིན་	བྱིན་	VERB
གྱིས་	གིས་	PART
བརླབ་	བརླབ་	NO_POS
ཏུ་	ལ་	PART
གསོལ་	གསོལ་	VERB
།		PUNCT
ཞེ་	ཅེས་	PART
བརྗོད་	བརྗོད་	VERB
ཅིང་	ཅིང་	PART
ཕྲེང་བ་	ཕྲེང་བ་	NOUN
མགོ་	མགོ་	NOUN
ཐོག་	ཐོག་	NOUN
ཏུ་	ལ་	PART
བཞག་	བཞག་	VERB
དེ་ནས་	དེ་ནས་	NO_POS
རྡོ་རྗེ་	རྡོ་རྗེ་	NOUN
འཛིན་པ་	འཛིན་པ་	VERB
རྒྱལ་པོ་	རྒྱལ་པོ་	NOUN
ཡི་	གིས་	PART
། །		PUNCT
གཉིས་	གཉིས་	NUM
མེད་	མེད་	VERB
ཡེ་ཤེས་	ཡེ་ཤེས་	NOUN
ལ་	ལ་	ADP
ས་	གིས་	PART
བྱུང་བ་	བྱུང་བ་	VERB
འི་	གི་	PART
། །		PUNCT
བསྲུང་བ་	བསྲུང་བ་	VERB
འི་	གི་	PART
དམ་ཚིག་	དམ་ཚིག་	NOUN
སྦྱོར་བ་	སྦྱོར་བ་	VERB
ཡི་	གི་	PART
། །		PUNCT
རྣལ་འབྱོར་	རྣལ་འབྱོར་	NOUN
ལུས་ངག་	ལུས་ངག་	NOUN
ཡིད་	ཡིད་	NOUN
གསུམ་	གསུམ་	NUM
བསྲུང་	བསྲུང་	NO_POS
། །		PUNCT
ཨོཾ་	ཨོཾ་	X
བཛྲ་	བཛྲ་	NO_POS
རཀྵ་		NON_WORD
རཀྵ་		NON_WORD
ཧཱུྃ་		NON_WORD
ཧཱུྃ་		NON_WORD
ཧཱུྃ་		NON_WORD
ཕཊ་		NON_WORD
སྭཱཧཱ་		NON_WORD
།		PUNCT
རང་	རང་	PRON
གི་	གི་	PART
སྙིང་ཁ་	སྙིང་ཁ་	NOUN
འི་	གི་	PART
ཧཱུྃ་		NON_WORD
ལ་	ལ་	ADP
ས་	གིས་	PART
འོད་ཟེར་	འོད་ཟེར་	NOUN
འཕྲོས་པ་	འཕྲོས་པ་	VERB
ས་	གིས་	PART
།		PUNCT
ཁམས་	ཁམས་	NOUN
གསུམ་	གསུམ་	NUM
སྣོད་བཅུད་	སྣོད་བཅུད་	NOUN
ཐམས་ཅད་	ཐམས་ཅད་	DET
འོད་	འོད་	NOUN
དུ་	ལ་	PART
ཞུ་	ཞུ་	VERB
ན་	ནས་	PART
བསྲུང་བ་	བསྲུང་བ་	VERB
འི་	གི་	PART
འཁོར་ལོ་	འཁོར་ལོ་	NOUN
ལ་	ལ་	PART
ཐིམ་	ཐིམ་	NO_POS
།		PUNCT
ཕྱི་	ཕྱི་	NOUN
རིགས་	རིགས་	NOUN
འཇིག་རྟེན་	འཇིག་རྟེན་	NOUN
སྐྱོང་བ་	སྐྱོང་བ་	VERB
རྣམས་	རྣམས་	DET
ཁྲོ་བོ་	ཁྲོ་བོ་	NOUN
བཅུ་	བཅུ་	NUM
ལ་	ལ་	PART
ཐིམ་	ཐིམ་	NO_POS
།		PUNCT
ཁྲོ་བོ་	ཁྲོ་བོ་	NOUN
བཅུ་	བཅུ་	NUM
རང་	རང་	PRON
ལ་	ལ་	PART
ཐིམ་	ཐིམ་	NO_POS
།		PUNCT
རང་	རང་	PRON
མགོན་པོ་	མགོན་པོ་	NOUN
འི་	གི་	PART
ང་རྒྱལ་	ང་རྒྱལ་	NOUN
གྱིས་	གིས་	PART
སྲུང་འཁོར་	སྲུང་འཁོར་	NOUN
ཡངས་པ་	ཡངས་པ་	ADJ
འི་	གི་	PART
ནང་	ནང་	NOUN
དུ་	ལ་	PART
སྤྱོད་ལམ་	སྤྱོད་ལམ་	NOUN
བྱེད་པ་	བྱེད་པ་	VERB
ར་	ལ་	PART
བསམས་	བསམས་	VERB
ལ་	ལ་	PART
།		PUNCT
དགེ་བ་	དགེ་བ་	VERB
འདི་	འདི་	DET
ཡི་	གིས་	PART
མྱུར་	མྱུར་	VERB
དུ་	ལ་	PART
བདག་	བདག་	PRON
།		PUNCT
གུ་	གུ་	NOUN
གྱི་	གི་	PART
མགོན་པོ་	མགོན་པོ་	NOUN
འགྲུབ་	འགྲུབ་	VERB
གྱུར་	གྱུར་	VERB
ན་	ནས་	PART
། །		PUNCT
འགྲོ་བ་	འགྲོ་བ་	VERB
གཅིག་	གཅིག་	NUM
ཀྱང་	ཀྱང་	PART
མ་ལུས་པ་	མ་ལུས་པ་	OTHER
། །		PUNCT
དེ་	སྟེ་	PART
ཡི་	གིས་	PART
ས་	ས་	ADP
ལ་	ལ་	PART
འགོད་པ་	འགོད་པ་	VERB
ར་	ལ་	PART
ཤོག་	ཤོག་	VERB
།		PUNCT
བགེགས་	བགེགས་	NOUN
དང་	དང་	NO_POS
ལོག་པ་	ལོག་པ་	VERB
ར་	ལ་	PART
འདྲེན་པ་	འདྲེན་པ་	VERB
རྣམས་	རྣམས་	DET
། །		PUNCT
གདུལ་	གདུལ་	NO_POS
དཀའ་	དཀའ་	VERB
འདུལ་	འདུལ་	NO_POS
ཕྱི་	ཕྱི་	OTHER
ཁྲོ་བོ་	ཁྲོ་བོ་	NOUN
ཡི་	གི་	PART
། །		PUNCT
ཤིན་ཏུ་	ཤིན་ཏུ་	NO_POS
གཏུམ་པ་	གཏུམ་པ་	VERB
འི་	གི་	PART
ཁྲོ་	ཁྲོ་	VERB
གཟུགས་	གཟུགས་	NOUN
ཀྱི་	གི་	PART
། །		PUNCT
མ་རུངས་པ་	མ་རུངས་པ་	NO_POS
རྣམས་	རྣམས་	DET
ཚར་གཅོད་	ཚར་གཅོད་	NOUN
ཤོག་	ཤོག་	VERB
།		PUNCT
ཅེས་	ཅེས་	PART
བརྗོད་	བརྗོད་	VERB
།		PUNCT
ཡང་	ཀྱང་	PART
སྲུང་འཁོར་	སྲུང་འཁོར་	NOUN
འདི་ཁོ་ན་	འདི་ཁོ་ན་	NO_POS
ས་	གིས་	PART
ཉིན་མཚན་	ཉིན་མཚན་	ADV
དུས་	དུས་	NOUN
འདའ་བ་	འདའ་བ་	VERB
འི་	གི་	PART
ཉམས་ལེན་	ཉམས་ལེན་	NOUN
བྱེད་	བྱེད་	VERB
ན་	ལ་	PART
།		PUNCT
སྤྱོད་ལམ་	སྤྱོད་ལམ་	NOUN
གྱི་	གི་	PART
རྣལ་འབྱོར་	རྣལ་འབྱོར་	NOUN
ཐམས་ཅད་	ཐམས་ཅད་	DET
འོག་	འོག་	NOUN
ཏུ་	ལ་	PART
བཤད་པ་	བཤད་པ་	VERB
བཞིན་	བཞིན་	NOUN
བྱ་	བྱ་	VERB
འོ་	གོ་	PART
། །		PUNCT
ཡང་	ཀྱང་	PART
དྲུག་ཅུ་པ་	དྲུག་ཅུ་པ་	NUM
སོགས་	སོགས་	DET
ལ་	ལ་	ADP
ས་	གིས་	PART
སྦྱོར་བྱེད་པ་	སྦྱོར་བྱེད་པ་	NO_POS
དང་	དང་	NO_POS
།		PUNCT
རང་	རང་	PRON
ལ་	ལ་	PART
བྱད་ཁ་	བྱད་ཁ་	NO_POS
འི་	གི་	PART
ལྟ་	ལྟ་	NOUN
བྱུང་བ་	བྱུང་བ་	VERB
འི་	གི་	PART
དུས་	དུས་	NOUN
སུ་	ལ་	PART
།		PUNCT
བཟློག་པ་	བཟློག་པ་	VERB
དང་	དང་	NO_POS
བསད་པ་	བསད་པ་	VERB
འི་	གི་	PART
དམིགས་པ་	དམིགས་པ་	VERB
བསྒོམ་	བསྒོམ་	VERB
དགོས་པ་	དགོས་པ་	VERB
ས་	གིས་	PART
དེ་	དེ་	DET
འི་	གི་	PART
དམིགས་པ་	དམིགས་པ་	VERB
ནི་	ནི་	NO_POS
ཐུན་མོང་	ཐུན་མོང་	ADJ
དུ་	ལ་	PART
འབྱུང་བ་	འབྱུང་བ་	VERB
ས་	གིས་	PART
།		PUNCT
དེ་	སྟེ་	PART
ལ་	ལ་	PART
བསྒོམ་	བསྒོམ་	VERB
ཚུལ་	ཚུལ་	NOUN
ནི་	ནི་	NO_POS
།		PUNCT
དགྲ་	དགྲ་	NOUN
དེ་	སྟེ་	PART
ནྲྀ་		NON_WORD
ལས་མི་	ལས་མི་	NOUN
འི་	གི་	PART
འགྲོ་བ་	འགྲོ་བ་	VERB
འམ་	གམ་	PART
།		PUNCT
བགེགས་	བགེགས་	NOUN
སྟེ་	སྟེ་	PART
ཏྲི་	ཏྲི་	NO_POS
ལས་མི་	ལས་མི་	NOUN
མ་ཡིན་པ་	མ་ཡིན་པ་	OTHER
འི་	གི་	PART
འགྲོ་བ་	འགྲོ་བ་	VERB
ཡིན་	ཡིན་	NO_POS
ཏེ་	སྟེ་	PART
།		PUNCT
སངས་རྒྱས་	སངས་རྒྱས་	NOUN
ཀྱི་	གི་	PART
བསྟན་པ་	བསྟན་པ་	VERB
བསྟན་འཛིན་	བསྟན་འཛིན་	NOUN
དང་	དང་	NO_POS
།		PUNCT
སེམས་ཅན་	སེམས་ཅན་	NOUN
ལ་	ལ་	PART
འཚེ་བ་	འཚེ་བ་	VERB
།		PUNCT
ཁྱད་པར་	ཁྱད་པར་	NOUN
རང་	རང་	PRON
ལ་	ལ་	PART
གནོད་པ་	གནོད་པ་	VERB
ཆེ་	ཆེ་	VERB
ཤོ་	ཤོ་	VERB
རང་	རང་	PRON
གི་	གི་	PART
དགྲ་	དགྲ་	NOUN
ནྲྀ་		NON_WORD
ལ་	ལ་	ADP
ས་	གིས་	PART
གང་ཡིན་པ་	གང་ཡིན་པ་	NO_POS
དེ་	དེ་	DET
ར་	ལ་	PART
གསལ་བ་	གསལ་བ་	VERB
གན་རྐྱལ་	གན་རྐྱལ་	NOUN
དུ་	ལ་	PART
བྱས་པ་	བྱས་པ་	VERB
འི་	གི་	PART
སྙིང་ཁ་	སྙིང་ཁ་	NOUN
ར་	ལ་	PART
ལག་པ་	ལག་པ་	NOUN
བསྣོལ་བ་	བསྣོལ་བ་	NO_POS
སྟེ་	སྟེ་	PART
ལུས་	ལུས་	NOUN
དང་	དང་	NO_POS
།		PUNCT
དེ་	དེ་	DET
འི་	གི་	PART
སྟེང་	སྟེང་	NOUN
ལྕེ་	ལྕེ་	NOUN
ས་	གིས་	PART
བྲང་	བྲང་	NOUN
ཁེབས་པ་	ཁེབས་པ་	VERB
ངག་	ངག་	NOUN
དང་	དང་	NO_POS
།		PUNCT
སྙིང་ཁ་	སྙིང་ཁ་	NOUN
འི་	གི་	PART
ནང་	ནང་	NOUN
ཁྲག་	ཁྲག་	NOUN
གི་	གི་	PART
ཐིག་ལེ་	ཐིག་ལེ་	NOUN
འི་	གི་	PART
དབུ་	དབུ་	NOUN
སུ་	ལ་	PART
ཧཱུྃ་		NON_WORD
བསམ་པ་	བསམ་པ་	VERB
ཡིད་	ཡིད་	NOUN
སྟེ་	སྟེ་	PART
ལུས་ངག་	ལུས་ངག་	NOUN
ཡིད་	ཡིད་	NOUN
གསུམ་	གསུམ་	NUM
ཚང་	ཚང་	VERB
།		PUNCT
དེ་	དེ་	DET
འི་	གི་	PART
ལྕེ་	ལྕེ་	NOUN
འི་	གི་	PART
སྟེང་	སྟེང་	NOUN
ན་	ནས་	PART
འཁོར་ལོ་	འཁོར་ལོ་	NOUN
འི་	གི་	PART
མ་	མ་	NOUN
རྩེ་	རྩེ་	NOUN
ཟུག་པ་	ཟུག་པ་	VERB
།		PUNCT
རྩིབས་	རྩིབས་	NOUN
བ་	བ་	NOUN
རྣམས་	རྣམས་	DET
སུ་	ལ་	PART
ཡཾ་		NON_WORD
ལ་	ལ་	ADP
ས་	གིས་	PART
རླུང་	རླུང་	NOUN
རཾ་		NON_WORD
ལ་	ལ་	ADP
ས་	གིས་	PART
མེ་	མེ་	NOUN
འི་	གི་	PART
སྟེང་	སྟེང་	NOUN
དུ་	ལ་	PART
ནྲྀ་		NON_WORD
དང་	དང་	NO_POS
ཏྲི་	ཏྲི་	NO_POS
ལ་	ལ་	ADP
ས་	གིས་	PART
དགྲ་བགེགས་	དགྲ་བགེགས་	OTHER
ལུས་	ལུས་	NOUN
རིད་པ་	རིད་པ་	VERB
།		PUNCT
སྐྲ་	སྐྲ་	NOUN
འཛིངས་པ་	འཛིངས་པ་	VERB
།		PUNCT
ཁ་	ཁ་	PRON
ན་	ནས་	PART
ཁྲག་	ཁྲག་	NOUN
སྐྱུགས་པ་	སྐྱུགས་པ་	VERB
ལུས་	ལུས་	NOUN
དང་	དང་	NO_POS
ཡན་ལག་	ཡན་ལག་	NOUN
ཤུ་བ་	ཤུ་བ་	NO_POS
འི་	གི་	PART
ཕྲེང་བ་	ཕྲེང་བ་	NOUN
ས་	གིས་	PART
བསྐོར་བ་	བསྐོར་བ་	VERB
མགོན་སྐྱབས་	མགོན་སྐྱབས་	NOUN
དང་	དང་	NO_POS
བྲལ་བ་	བྲལ་བ་	VERB
།		PUNCT
གོ་	གོ་	NOUN
མེད་	མེད་	VERB
ཅིང་	ཅིང་	PART
འདར་བ་	འདར་བ་	VERB
།		PUNCT
ཡི་མུག་	ཡི་མུག་	NOUN
དང་	དང་	NO_POS
དཀའ་ཐུབ་	དཀའ་ཐུབ་	NOUN
ཀྱི་	གི་	PART
ཉམས་	ཉམས་	NOUN
ཅན་	ཅན་	PART
།		PUNCT
བུ་ག་	བུ་ག་	NOUN
དགུ་	དགུ་	NUM
ན་	ནས་	PART
ཁུ་ཁྲག་	ཁུ་ཁྲག་	NO_POS
འཛག་པ་	འཛག་པ་	VERB
སྤྱི་བོ་	སྤྱི་བོ་	NOUN
ཚུགས་	ཚུགས་	VERB
སུ་	ལ་	PART
འདུག་པ་	འདུག་པ་	VERB
སྟེ་	སྟེ་	PART
།		PUNCT
སྤྱི་གཙུག་	སྤྱི་གཙུག་	NOUN
རླུང་	རླུང་	NOUN
མེ་	མེ་	NOUN
འི་	གི་	PART
སྟེང་	སྟེང་	NOUN
དུ་	ལ་	PART
རེག་པ་	རེག་པ་	VERB
།		PUNCT
རྐང་པ་	རྐང་པ་	NOUN
གཉིས་	གཉིས་	NUM
ཀྱི་	གི་	PART
རྩེ་མོ་	རྩེ་མོ་	NOUN
རྩིབས་	རྩིབས་	NOUN
བ་	བ་	NOUN
དུ་	ལ་	PART
ཉུག་	ཉུག་	NO_POS
གེ་	གེ་	NO_POS
ཡོད་པ་	ཡོད་པ་	VERB
ར་	ལ་	PART
བསམ་	བསམ་	NOUN
།		PUNCT
འོག་	འོག་	NOUN
གི་	གི་	PART
དེ་	སྟེ་	PART
རང་	རང་	PRON
ལ་	ལ་	PART
མི་	མི་	PART
དང་	དང་	NO_POS
མི་མ་ཡིན་པ་	མི་མ་ཡིན་པ་	NO_POS
འི་	གི་	PART
འགྲོ་བ་	འགྲོ་བ་	VERB
གང་ཡིན་	གང་ཡིན་	NO_POS
ཡང་	ཀྱང་	PART
རུང་	རུང་	SCONJ
སྟེ་	སྟེ་	PART
།		PUNCT
ལུས་	ལུས་	NOUN
ཀྱི་	གི་	PART
སྒོ་	སྒོ་	NOUN
ན་	ནས་	PART
རྫས་ངན་	རྫས་ངན་	OTHER
བསགས་པ་	བསགས་པ་	VERB
།		PUNCT
མནན་གཏད་	མནན་གཏད་	NO_POS
བྱས་པ་	བྱས་པ་	VERB
སོགས་	སོགས་	DET
རང་	རང་	PRON
གི་	གི་	PART
སྙིང་ཁ་	སྙིང་ཁ་	NOUN
འི་	གི་	PART
འོད་	འོད་	NOUN
ཀྱིས་	གིས་	PART
བཀུག་	བཀུག་	VERB
ན་	ནས་	PART
ལུས་	ལུས་	NOUN
ལ་	ལ་	PART
བསྟིམ་	བསྟིམ་	NO_POS
།		PUNCT
ངག་	ངག་	NOUN
གི་	གི་	PART
སྒོ་	སྒོ་	NOUN
ན་	ནས་	PART
ངན་སྔགས་	ངན་སྔགས་	NOUN
བཟླས་པ་	བཟླས་པ་	VERB
།		PUNCT
དམོད་པ་	དམོད་པ་	VERB
འདོར་བ་	འདོར་བ་	VERB
སོགས་	སོགས་	DET
ཇི་སྙེད་	ཇི་སྙེད་	OTHER
ཡོད་པ་	ཡོད་པ་	VERB
རྣམས་	རྣམས་	DET
བཀུག་	བཀུག་	VERB
ན་	ནས་	PART
ངག་	ངག་	NOUN
གི་	གི་	PART
ངོ་བོ་	ངོ་བོ་	NOUN
ལྕེ་	ལྕེ་	NOUN
ལ་	ལ་	PART
བསྟིམ་	བསྟིམ་	NO_POS
།		PUNCT
སེམས་	སེམས་	NOUN
ཀྱི་	གི་	PART
དམིགས་པ་	དམིགས་པ་	VERB
ཇི་སྙེད་	ཇི་སྙེད་	OTHER
བྱས་པ་	བྱས་པ་	VERB
སོགས་	སོགས་	DET
ཐམས་ཅད་	ཐམས་ཅད་	DET
བཀུག་	བཀུག་	VERB
ན་	ནས་	PART
སེམས་	སེམས་	NOUN
ཀྱི་	གི་	PART
ངོ་བོ་	ངོ་བོ་	NOUN
འི་	གི་	PART
ཁྲག་	ཁྲག་	NOUN
གི་	གི་	PART
ཐིག་ལེ་	ཐིག་ལེ་	NOUN
འི་	གི་	PART
དབུ་	དབུ་	NOUN
ཀྱི་	གི་	PART
ཧཱུྃ་		NON_WORD
ལ་	ལ་	PART
བསྟིམ་	བསྟིམ་	NO_POS
།		PUNCT
ཡང་	ཀྱང་	PART
ཐུགས་	ཐུགས་	NOUN
ཁ་	ཁ་	PRON
ན་	ནས་	PART
འོད་འཕྲོ་	འོད་འཕྲོ་	NO_POS
ས་	གིས་	PART
།		PUNCT
ཁྲོ་བོ་	ཁྲོ་བོ་	NOUN
བཅུ་	བཅུ་	NUM
དང་	དང་	NO_POS
ཕྱི་	ཕྱི་	NOUN
རིགས་སྐྱོང་བ་	རིགས་སྐྱོང་བ་	NO_POS
རྣམས་	རྣམས་	DET
ལ་	ལ་	PART
ཕོག་པ་	ཕོག་པ་	VERB
ས་	གིས་	PART
།		PUNCT
དེ་	སྟེ་	PART
ཐམས་ཅད་	ཐམས་ཅད་	DET
ཀྱི་	གི་	PART
སྲོག་	སྲོག་	NOUN
སྙིང་	སྙིང་	NOUN
ཕུལ་	ཕུལ་	VERB
ཞིང་	ཅིང་	PART
སྲོག་	སྲོག་	NOUN
སྙིང་	སྙིང་	NOUN
རྣམས་	རྣམས་	DET
འོད་ཟེར་	འོད་ཟེར་	NOUN
གྱི་	གི་	PART
རྣམ་པ་	རྣམ་པ་	NOUN
ས་	གིས་	PART
རང་	རང་	PRON
གི་	གི་	PART
ཐུགས་	ཐུགས་	NOUN
ཁ་	ཁ་	PRON
ར་	ལ་	PART
ཐིམ་པ་	ཐིམ་པ་	VERB
ར་	ལ་	PART
བསམ་	བསམ་	NOUN
།		PUNCT
ཕྱོགས་མཚམས་	ཕྱོགས་མཚམས་	NOUN
ཀྱི་	གི་	PART
ཁྲོ་བོ་	ཁྲོ་བོ་	NOUN
རྣམས་	རྣམས་	DET
ཞལ་	ཞལ་	NOUN
ཕྱི་	ཕྱི་	OTHER
གཟིགས་	གཟིགས་	VERB
།		PUNCT
སྟེང་འོག་	སྟེང་འོག་	NOUN
གི་	གི་	PART
ཁྲོ་བོ་	ཁྲོ་བོ་	NOUN
རྣམས་	རྣམས་	DET
ཞབས་	ཞབས་	NOUN
གཡའ་	གཡའ་	NOUN
བརྐྱང་	བརྐྱང་	NO_POS
དུ་	ལ་	PART
བསྒྱུར་	བསྒྱུར་	VERB
།		PUNCT
རང་	རང་	PRON
གི་	གི་	PART
ཐུགས་	ཐུགས་	NOUN
ཁ་	ཁ་	PRON
དང་	དང་	NO_POS
།		PUNCT
ཁྲོ་བོ་	ཁྲོ་བོ་	NOUN
བཅུ་	བཅུ་	NUM
ཕྱི་	ཕྱི་	NOUN
རིགས་སྐྱོང་བ་	རིགས་སྐྱོང་བ་	NO_POS
དང་	དང་	NO_POS
བཅས་པ་	བཅས་པ་	VERB
ལ་	ལ་	ADP
ས་	གིས་	PART
སྤྲུལ་པ་	སྤྲུལ་པ་	VERB
ཡང་སྤྲུལ་	ཡང་སྤྲུལ་	OTHER
ཉིང་སྤྲུལ་	ཉིང་སྤྲུལ་	NO_POS
གྱི་	གི་	PART
ཁྲོ་བོ་	ཁྲོ་བོ་	NOUN
།		PUNCT
ལྕགས་ཀྱུ་	ལྕགས་ཀྱུ་	NOUN
དང་	དང་	NO_POS
ཞགས་པ་	ཞགས་པ་	NOUN
ཐོགས་པ་	ཐོགས་པ་	VERB
དཔག་མེད་	དཔག་མེད་	ADJ
སྤྲོས་	སྤྲོས་	VERB
ན་	ནས་	PART
།		PUNCT
སངས་རྒྱས་	སངས་རྒྱས་	NOUN
ཀྱི་	གི་	PART
བསྟན་པ་	བསྟན་པ་	VERB
བཤིག་པ་	བཤིག་པ་	VERB
།		PUNCT
དཀོན་མཆོག་	དཀོན་མཆོག་	NOUN
གི་	གི་	PART
དབུ་འཕང་	དབུ་འཕང་	NOUN
སྨོད་པ་	སྨོད་པ་	VERB
།		PUNCT
འཇིག་རྟེན་	འཇིག་རྟེན་	NOUN
ཕུང་	ཕུང་	VERB
དུ་	ལ་	PART
འཇུག་པ་	འཇུག་པ་	VERB
།		PUNCT
རྣལ་འབྱོར་པ་	རྣལ་འབྱོར་པ་	NOUN
ལ་	ལ་	PART
གནོད་པ་	གནོད་པ་	VERB
ར་	ལ་	PART
བྱེད་པ་	བྱེད་པ་	VERB
རྣམས་	རྣམས་	DET
ས་ཕྱོགས་	ས་ཕྱོགས་	NOUN
གང་	གང་	NO_POS
ན་	ལ་	PART
གནས་པ་	གནས་པ་	VERB
དེ་ནས་	དེ་ནས་	NO_POS
རང་དབང་	རང་དབང་	NOUN
མེད་པ་	མེད་པ་	VERB
ར་	ལ་	PART
བཀུག་	བཀུག་	VERB
ན་	ནས་	PART
རྩིབས་	རྩིབས་	NOUN
བ་	བ་	NOUN
སོགས་	སོགས་	DET
ཀྱི་	གི་	PART
བྱད་མ་	བྱད་མ་	NO_POS
རྣམས་	རྣམས་	DET
ལ་	ལ་	PART
བསྟིམ་	བསྟིམ་	NO_POS
།		PUNCT
བསད་པ་	བསད་པ་	VERB
གཙོ་བོ་	གཙོ་བོ་	ADJ
ར་	ལ་	PART
བྱེད་	བྱེད་	VERB
ན་	ལ་	PART
འཁོར་ལོ་	འཁོར་ལོ་	NOUN
གཡའ་	གཡའ་	NOUN
སུ་	ལ་	PART
བཟློག་པ་	བཟློག་པ་	VERB
གཙོ་བོ་	གཙོ་བོ་	ADJ
ར་	ལ་	PART
བྱེད་	བྱེད་	VERB
ན་	ལ་	PART
གཡོན་	གཡོན་	NOUN
དུ་	ལ་	PART
དྲག་	དྲག་	VERB
ཏུ་	ལ་	PART
འཁོར་	འཁོར་	NOUN
རླུང་	རླུང་	NOUN
མེ་	མེ་	NOUN
ས་	གིས་	PART
རྩིབས་	རྩིབས་	NOUN
བ་	བ་	NOUN
གྱི་	གི་	PART
བྱད་མ་	བྱད་མ་	NO_POS
རྣམས་	རྣམས་	DET
རིམ་གྱིས་	རིམ་གྱིས་	NO_POS
ཕུལ་	ཕུལ་	VERB
།		PUNCT
འཁོར་ལོ་	འཁོར་ལོ་	NOUN
འི་	གི་	PART
རྩིབས་	རྩིབས་	NOUN
ཀྱི་	གི་	PART
རིམ་པ་	རིམ་པ་	NOUN
ས་	གིས་	PART
དུམ་བུ་	དུམ་བུ་	NOUN
ར་	ལ་	PART
ཉལ་ཉིལ་	ཉལ་ཉིལ་	NOUN
དུ་	ལ་	PART
བཏུབ་		NON_WORD
།		PUNCT
མེ་	མེ་	NOUN
ས་	གིས་	PART
བསྲེགས་	བསྲེགས་	NO_POS
།		PUNCT
རླུང་	རླུང་	NOUN
གིས་	གིས་	PART
གཏོ་	གཏོ་	VERB
།		PUNCT
སྡིག་སྒྲིབ་	སྡིག་སྒྲིབ་	NOUN
སྦྱངས་	སྦྱངས་	VERB
།		PUNCT
ཤ་ཁྲག་	ཤ་ཁྲག་	NOUN
ལྷག་མ་	ལྷག་མ་	NOUN
རྣམས་	རྣམས་	DET
ཕོ་ཉ་	ཕོ་ཉ་	NOUN
ལས་མཁན་	ལས་མཁན་	NO_POS
གྱིས་	གིས་	PART
ཟོ་	ཟོ་	VERB
།		PUNCT
ལྕེ་	ལྕེ་	NOUN
འི་	གི་	PART
སྟེང་	སྟེང་	NOUN
ན་	ནས་	PART
བཙུགས་པ་	བཙུགས་པ་	VERB
འི་	གི་	PART
འཁོར་ལོ་	འཁོར་ལོ་	NOUN
འི་	གི་	PART
རྩེ་	རྩེ་	VERB
སྲོག་རྩ་	སྲོག་རྩ་	NO_POS
དོན་སྙིང་	དོན་སྙིང་	NOUN
རྣམས་	རྣམས་	DET
བཅད་	བཅད་	VERB
།		PUNCT
རྣམ་ཤེས་	རྣམ་ཤེས་	NOUN
ཆོ་	ཆོ་	NOUN
ཀྱི་	གི་	PART
དབྱིངས་	དབྱིངས་	NOUN
སུ་	ལ་	PART
བསྒྲལ་བ་	བསྒྲལ་བ་	VERB
ར་	ལ་	PART
བསམ་པ་	བསམ་པ་	VERB
ནི་	ནི་	NO_POS
གཙོ་བོ་	གཙོ་བོ་	ADJ
ར་	ལ་	PART
བསད་པ་	བསད་པ་	VERB
འི་	གི་	PART
དམིགས་པ་	དམིགས་པ་	VERB
འོ་	གོ་	PART
། །		PUNCT
ཡང་	ཀྱང་	PART
ཕ་རོལ་	ཕ་རོལ་	NOUN
ན་	ནས་	PART
གཞན་	གཞན་	DET
གྱི་	གི་	PART
ནག་པོ་	ནག་པོ་	ADJ
ཆེན་པོ་	ཆེན་པོ་	ADJ
འཁོར་བཅས་	འཁོར་བཅས་	ADJ
སོགས་	སོགས་	DET
བསྲུང་	བསྲུང་	NO_POS
མ་	མ་	PART
རྦད་	རྦད་	OTHER
བྱུང་	བྱུང་	VERB
ན་	ལ་	PART
།		PUNCT
རང་	རང་	PRON
གི་	གི་	PART
ནག་པོ་	ནག་པོ་	ADJ
ཆེན་པོ་	ཆེན་པོ་	ADJ
འཁོར་བཅས་	འཁོར་བཅས་	ADJ
ཀྱི་	གི་	PART
རྩ་	རྩ་	NUM
ར་	ལ་	PART
བྱུང་བ་	བྱུང་བ་	VERB
ས་	གིས་	PART
།		PUNCT
རང་	རང་	PRON
གི་	གི་	PART
ནག་པོ་	ནག་པོ་	ADJ
ཆེན་པོ་	ཆེན་པོ་	ADJ
འཁོར་བཅས་	འཁོར་བཅས་	ADJ
རྣམས་	རྣམས་	DET
བཀྲག་མདངས་	བཀྲག་མདངས་	NO_POS
དང་	དང་	NO_POS
གཟི་བརྗིད་	གཟི་བརྗིད་	NOUN
ཕུན་སུམ་	ཕུན་སུམ་	OTHER
ཚོགས་པ་	ཚོགས་པ་	VERB
དང་	དང་	NO_POS
ལྡན་པ་	ལྡན་པ་	VERB
ས་	གིས་	PART
མ་	མ་	PART
བཟོད་པ་	བཟོད་པ་	VERB
ར་	ལ་	PART
ཕྱིར་ལོག་	ཕྱིར་ལོག་	NO_POS
སྟེ་	སྟེ་	PART
།		PUNCT
ཁོ་རང་	ཁོ་རང་	NO_POS
གི་	གི་	PART
སྒྲུབ་པ་པོ་	སྒྲུབ་པ་པོ་	VERB
དངོ་	དངོ་	NOUN
ལ་	ལ་	PART
ཚིག་པ་	ཚིག་པ་	VERB
ཟོ་	ཟོ་	VERB
ན་	ནས་	PART
ཚ་	ཚ་	VERB
བཅད་པ་	བཅད་པ་	VERB
ར་	ལ་	PART
བསམ་	བསམ་	NOUN
།		PUNCT
རང་	རང་	PRON
གི་	གི་	PART
ནག་པོ་	ནག་པོ་	ADJ
ཆེན་པོ་	ཆེན་པོ་	ADJ
འཁོར་བཅས་	འཁོར་བཅས་	ADJ
རྣམས་	རྣམས་	DET
ཀྱང་	ཀྱང་	PART
འཇིག་རྟེན་	འཇིག་རྟེན་	NOUN
དྲེགས་པ་	དྲེགས་པ་	VERB
འི་	གི་	PART
ཚོགས་	ཚོགས་	NOUN
དཔག་	དཔག་	VERB
ཏུ་	ལ་	PART
མེད་པ་	མེད་པ་	VERB
ས་	གིས་	PART
བསྐོར་	བསྐོར་	VERB
ན་	ནས་	PART
དགྲ་བགེགས་	དགྲ་བགེགས་	OTHER
གང་ཡིན་པ་	གང་ཡིན་པ་	NO_POS
འི་	གི་	PART
ས་	ས་	ADP
ར་	ལ་	PART
སོང་	སོང་	VERB
ན་	ནས་	PART
དེ་	སྟེ་	PART
ཚ་	ཚ་	VERB
བཅད་པ་	བཅད་པ་	VERB
ར་	ལ་	PART
བསམ་	བསམ་	NOUN
།		PUNCT
ཡང་	ཀྱང་	PART
ཡུལ་	ཡུལ་	NOUN
གྱི་	གི་	PART
རྒྱལ་པོ་	རྒྱལ་པོ་	NOUN
འི་	གི་	PART
གནོད་པ་	གནོད་པ་	VERB
བཟློག་	བཟློག་	VERB
ན་	ལ་	PART
།		PUNCT
འཁོར་ལོ་	འཁོར་ལོ་	NOUN
འི་	གི་	PART
རྩིབས་	རྩིབས་	NOUN
བ་	བ་	NOUN
སོགས་	སོགས་	DET
སུ་	ལ་	PART
ནྲི་		NON_WORD
ལ་	ལ་	ADP
ས་	གིས་	PART
རྒྱལ་པོ་	རྒྱལ་པོ་	NOUN
དང་	དང་	NO_POS
།		PUNCT
བློན་པོ་	བློན་པོ་	NOUN
གྲོ་	གྲོ་	NOUN
དབང་	དབང་	NOUN
གང་ཡིན་	གང་ཡིན་	NO_POS
གོང་	གོང་	NOUN
བཞིན་	བཞིན་	NOUN
བསྐྱེད་	བསྐྱེད་	VERB
ལ་	ལ་	PART
།		PUNCT
ཡང་ཡང་	ཡང་ཡང་	NO_POS
བསྟིམ་	བསྟིམ་	NO_POS
ཞིང་	ཅིང་	PART
ཚ་	ཚ་	VERB
བཅད་པ་	བཅད་པ་	VERB
ར་	ལ་	PART
བསམ་	བསམ་	NOUN
།		PUNCT
ཡང་	ཀྱང་	PART
དམག་	དམག་	NOUN
ཟློག་	ཟློག་	VERB
ན་	ན་	ADP
འང་	ཀྱང་	PART
རྩིབས་	རྩིབས་	NOUN
བ་	བ་	NOUN
སོགས་	སོགས་	DET
སུ་	ལ་	PART
དམག་དཔོན་	དམག་དཔོན་	NOUN
།		PUNCT
དམག་ལས་	དམག་ལས་	NO_POS
གཙོ་	གཙོ་	NOUN
གང་	གང་	NO_POS
ཆེ་	ཆེ་	VERB
རྣམས་	རྣམས་	DET
ནྲི་		NON_WORD
ལ་	ལ་	ADP
ས་	གིས་	PART
བསྐྱེད་པ་	བསྐྱེད་པ་	VERB
།		PUNCT
བསྟིམ་པ་	བསྟིམ་པ་	NO_POS
།		PUNCT
ཚ་	ཚ་	VERB
བཅས་པ་	བཅས་པ་	VERB
སོགས་	སོགས་	DET
གོང་	གོང་	NOUN
བཞིན་	བཞིན་	NOUN
དང་	དང་	NO_POS
།		PUNCT
སླར་ཡང་	སླར་ཡང་	OTHER
ཕོ་ཉ་	ཕོ་ཉ་	NOUN
ལས་མཁན་	ལས་མཁན་	NO_POS
སྡེ་བརྒྱད་	སྡེ་བརྒྱད་	OTHER
ཀྱི་	གི་	PART
དམག་དཔུང་	དམག་དཔུང་	NO_POS
དང་	དང་	NO_POS
བཅས་པ་	བཅས་པ་	VERB
དཔག་	དཔག་	VERB
ཏུ་	ལ་	PART
མེད་པ་	མེད་པ་	VERB
ཕ་		
འཕྲོ་	འཕྲོ་	NOUN
ས་	གིས་	PART
།		PUNCT
དམག་	དམག་	NOUN
ཇག་	ཇག་	NO_POS
ཚུ་		
འོང་བ་	འོང་བ་	VERB
རྣམས་	རྣམས་	DET
ཀྱི་	གི་	PART
ལག་ཆ་	ལག་ཆ་	NOUN
ཕྲོགས་	ཕྲོགས་	VERB
།		PUNCT
མཚོན་ཆ་	མཚོན་ཆ་	NOUN
ས་	གིས་	PART
བསྣུན་	བསྣུན་	NO_POS
ཏེ་	སྟེ་	PART
སྟོབས་	སྟོབས་	NOUN
གཤེད་	གཤེད་	NOUN
ཉམས་པ་	ཉམས་པ་	VERB
ར་	ལ་	PART
བྱ་	བྱ་	VERB
ཚུ་		
ཁྲིད་	ཁྲིད་	VERB
ན་	ནས་	PART
མདུན་	མདུན་	NOUN
དུ་	ལ་	PART
ལྕགས་	ལྕགས་	NOUN
ཀྱི་	གི་	PART
ཧོམ་ཁུང་	ཧོམ་ཁུང་	NOUN
གྲུ་གསུམ་པ་	གྲུ་གསུམ་པ་	NOUN
གཏིང་	གཏིང་	NOUN
ཟབས་པ་	ཟབས་པ་	NOUN
འི་	གི་	PART
ནང་	ནང་	NOUN
དུ་	ལ་	PART
བཅུག་	བཅུག་	VERB
སྟེ་	སྟེ་	PART
།		PUNCT
འཁོར་ལོ་	འཁོར་ལོ་	NOUN
ལ་	ལ་	ADP
ས་	གིས་	PART
རི་རབ་	རི་རབ་	PROPN
ཟུར་	ཟུར་	NOUN
དྲུག་པ་	དྲུག་པ་	NUM
དཔག་	དཔག་	VERB
ཏུ་	ལ་	PART
མེད་པ་	མེད་པ་	VERB
འཕྲོ་	འཕྲོ་	NOUN
ས་	གིས་	PART
ན་	ནས་	PART
མནན་	མནན་	VERB
།		PUNCT
ཕོ་ཉ་	ཕོ་ཉ་	NOUN
སྡེ་བརྒྱད་	སྡེ་བརྒྱད་	OTHER
རྣམས་	རྣམས་	DET
ཀྱིས་	གིས་	PART
དེ་	དེ་	DET
འི་	གི་	PART
སྟེང་	སྟེང་	NOUN
དུ་	ལ་	PART
སྒ་		
བརྒྱབ་	བརྒྱབ་	NO_POS
ན་	ནས་	PART
བསྐལ་པ་	བསྐལ་པ་	NOUN
འི་	གི་	PART
བ་	བ་	NOUN
དུ་	ལ་	PART
མི་	མི་	PART
ཐར་བ་	ཐར་བ་	VERB
ར་	ལ་	PART
བསམས་	བསམས་	VERB
ལ་	ལ་	PART
ཤཱ་	ཤཱ་	NO_POS
ས་	ས་	ADP
ན་	ན་	ADP
འི་	གི་	PART
མཇུག་	མཇུག་	NOUN
ཏུ་	ལ་	PART
དམག་	དམག་	NOUN
ཇག་	ཇག་	NO_POS
གི་	གི་	PART
གནོད་པ་	གནོད་པ་	VERB
དཱི་		NON_WORD
ན་	ལ་	PART
མེ་	མེ་	NOUN
ཀེ་	ཀེ་	PROPN
ན་	ལ་	PART
མཱ་	མཱ་	NO_POS
ར་	ར་	ADP
ཡ་	ཡ་	NOUN
ཕཊཿ་		NON_WORD
སྟཾ་		NON_WORD
བྷ་	བྷ་	NO_POS
ཡ་	ཡ་	NOUN
ནནཿ་		NON_WORD
བྷྱོཿ་		NON_WORD
བཟློག་	བཟློག་	VERB
ཅེས་པ་	ཅེས་པ་	PART
ཇི་ལྟ་		
རིགས་པ་	རིགས་པ་	VERB
བཟླས་	བཟླས་	NO_POS
ཤིང་	ཅིང་	PART
དམིགས་པ་	དམིགས་པ་	VERB
གསལ་པོ་	གསལ་པོ་	ADJ
བྱུང་	བྱུང་	VERB
ན་	ལ་	PART
གནོད་པ་	གནོད་པ་	VERB
རང་	རང་	PRON
ཞི་	ཞི་	VERB
ལ་	ལ་	PART
འགྲོ་	འགྲོ་	VERB
ངེས་	ངེས་	VERB
སོ་	གོ་	PART
། །		PUNCT
བཟློག་པ་	བཟློག་པ་	VERB
འི་	གི་	PART
དམིགས་པ་	དམིགས་པ་	VERB
འདི་	འདི་	DET
རྣམས་	རྣམས་	DET
བྱེད་	བྱེད་	VERB
དུས་འཁོར་	དུས་འཁོར་	PROPN
ལོ་	གོ་	PART
གཡོན་	གཡོན་	NOUN
དུ་	ལ་	PART
འཁོར་བ་	འཁོར་བ་	NOUN
ཁོ་ན་	ཁོ་ན་	DET
འོ་	གོ་	PART
། །		PUNCT
བཟློག་པ་	བཟློག་པ་	VERB
དང་	དང་	NO_POS
བསད་པ་	བསད་པ་	VERB
འི་	གི་	PART
དམིགས་པ་	དམིགས་པ་	VERB
བྱེད་	བྱེད་	VERB
དུས་	དུས་	NOUN
།		PUNCT
དམིགས་	དམིགས་	VERB
གསལ་	གསལ་	VERB
མེད་པ་	མེད་པ་	VERB
རྣམས་	རྣམས་	DET
ལ་	ལ་	PART
ཤཱ་	ཤཱ་	NO_POS
ས་	ས་	ADP
ན་	ལ་	PART
ལ་པ་	ལ་པ་	PART
ཙ་པ་	ཙ་པ་	OTHER
ཙ་	ཙ་	NOUN
འི་	གི་	PART
རྗེས་	རྗེས་	NOUN
ལ་	ལ་	PART
དཱི་		NON_WORD
ན་	ལ་	PART
མེ་	མེ་	NOUN
ཀེ་	ཀེ་	PROPN
ན་	ལ་	PART
མཱ་	མཱ་	NO_POS
ར་	ར་	ADP
ཡ་	ཡ་	NOUN
ཧཱུྃ་		NON_WORD
ཧཱུྃ་		NON_WORD
ཕཊ་		NON_WORD
ཅེས་	ཅེས་	PART
བཏགས་པ་	བཏགས་པ་	VERB
ལྔ་	ལྔ་	NUM
བརྒྱ་ལ་	བརྒྱ་ལ་	NO_POS
སོགས་	སོགས་	DET
བཟླས་པ་	བཟླས་པ་	VERB
འི་	གི་	PART
རྗེས་	རྗེས་	NOUN
ལ་	ལ་	PART
།		PUNCT
ཤཱ་	ཤཱ་	NO_POS
ས་	ས་	ADP
ན་	ན་	ADP
འི་	གི་	PART
ཨི་	ཨི་	NO_POS
དཾ་		NON_WORD
དུཥྚཾ་		NON_WORD
ཅེས་པ་	ཅེས་པ་	PART
འི་	གི་	PART
མཇུག་	མཇུག་	NOUN
ཏུ་	ལ་	PART
བྱད་མ་	བྱད་མ་	NO_POS
ཁ་	ཁ་	PRON
ཁཿ་		NON_WORD
བྱད་མ་	བྱད་མ་	NO_POS
ཁཱ་		NON_WORD
ཧི་	ཧི་	NO_POS
ཁཱ་		NON_WORD
ཧིཿ་		NON_WORD
བྱད་མ་	བྱད་མ་	NO_POS
མ་	མ་	PART
ར་མ་	ར་མ་	NOUN
རཿ་		NON_WORD
བྱད་མ་	བྱད་མ་	NO_POS
གྲྀཧྣ་		NON_WORD
གྲྀཧྣཿ་		NON_WORD
བྱད་མ་	བྱད་མ་	NO_POS
བནྡྷ་		NON_WORD
བནྡྷཿ་		NON_WORD
བྱད་མ་	བྱད་མ་	NO_POS
ཧ་	ཧ་	NOUN
ན་	ལ་	PART
ཧ་	ཧ་	NOUN
ནཿ་		NON_WORD
བྱད་མ་	བྱད་མ་	NO_POS
ད་	ད་	ADV
ཧ་	ཧ་	NOUN
ད་	ད་	ADV
ཧཿ་		NON_WORD
བྱད་མ་པ་	བྱད་མ་པ་	NO_POS
ཙ་པ་	ཙ་པ་	OTHER
ཙཿ་		NON_WORD
བྱད་མ་	བྱད་མ་	NO_POS
དཱི་		NON_WORD
ན་	ལ་	PART
མེ་	མེ་	NOUN
ཀེ་	ཀེ་	PROPN
ན་	ལ་	PART
མཱ་	མཱ་	NO_POS
ར་	ར་	ADP
ཡ་	ཡ་	NOUN
ཧཱུྃ་		NON_WORD
ཧཱུྃ་		NON_WORD
ཕཊ་		NON_WORD
།		PUNCT
ཅེས་	ཅེས་	PART
བརྒྱ་རྩ་	བརྒྱ་རྩ་	OTHER
ལ་སོགས་པ་	ལ་སོགས་པ་	NO_POS
དང་	དང་	NO_POS
།		PUNCT
བྷཱ་		NON_WORD
ཡ་	ཡ་	NOUN
ན་ཚ་	ན་ཚ་	NOUN
ར་	ལ་	PART
གསུམ་	གསུམ་	NUM
བཟླས་	བཟླས་	NO_POS
ལ་	ལ་	PART
།		PUNCT
ཐལ་མོ་	ཐལ་མོ་	NOUN
སྦྱར་	སྦྱར་	VERB
ན་	ནས་	PART
སུ་	ལ་	PART
གང་དག་	གང་དག་	NO_POS
བདག་ཅག་	བདག་ཅག་	PRON
གི་	གི་	PART
དཔལ་ལྡན་	དཔལ་ལྡན་	ADJ
བླ་མ་	བླ་མ་	NOUN
དམ་པ་	དམ་པ་	VERB
རྣམས་	རྣམས་	DET
དང་	དང་	NO_POS
།		PUNCT
བདག་ཅག་	བདག་ཅག་	PRON
འཁོར་	འཁོར་	NOUN
དང་	དང་	NO_POS
བཅས་པ་	བཅས་པ་	VERB
རྣམས་	རྣམས་	DET
ལ་	ལ་	PART
སྡང་བ་	སྡང་བ་	VERB
འི་	གི་	PART
སེམས་	སེམས་	NOUN
དང་	དང་	NO_POS
ལྡན་པ་	ལྡན་པ་	VERB
རྣམས་	རྣམས་	DET
དང་	དང་	NO_POS
།		PUNCT
གདུག་པ་	གདུག་པ་	ADJ
འི་	གི་	PART
སེམས་	སེམས་	NOUN
དང་	དང་	NO_POS
ལྡན་པ་	ལྡན་པ་	VERB
རྣམས་	རྣམས་	DET
དང་	དང་	NO_POS
།		PUNCT
དྲག་	དྲག་	VERB
ཤུགས་	ཤུགས་	NOUN
གྱི་	གི་	PART
སེམས་	སེམས་	NOUN
དང་	དང་	NO_POS
ལྡན་པ་	ལྡན་པ་	VERB
རྣམས་	རྣམས་	DET
དང་	དང་	NO_POS
།		PUNCT
བསམ་པ་	བསམ་པ་	VERB
དང་	དང་	NO_POS
སྦྱོར་བ་	སྦྱོར་བ་	VERB
ངན་པ་	ངན་པ་	VERB
ར་	ལ་	PART
བྱེད་པ་	བྱེད་པ་	VERB
འི་	གི་	PART
དགྲ་བགེགས་	དགྲ་བགེགས་	OTHER
ལོག་པ་	ལོག་པ་	VERB
ར་	ལ་	PART
འདྲེན་པ་	འདྲེན་པ་	VERB
འི་	གི་	PART
ཚོགས་	ཚོགས་	NOUN
ཐམས་ཅད་	ཐམས་ཅད་	DET
ཀྱི་	གི་	PART
བསམ་སྦྱོར་	བསམ་སྦྱོར་	NOUN
ངན་པ་	ངན་པ་	VERB
ཐམས་ཅད་	ཐམས་ཅད་	DET
ཞི་བ་	ཞི་བ་	VERB
ར་	ལ་	PART
གྱུར་ཅིག་	གྱུར་ཅིག་	NO_POS
གལ་ཏེ་	གལ་ཏེ་	NO_POS
ཞི་བ་	ཞི་བ་	VERB
ར་	ལ་	PART
མ་	མ་	PART
གྱུར་	གྱུར་	VERB
ན་	ལ་	PART
དེ་	དེ་	DET
འི་	གི་	PART
ཚེ་	ཚེ་	NOUN
།		PUNCT
དེ་དག་	དེ་དག་	OTHER
ཐམས་ཅད་	ཐམས་ཅད་	DET
ཀྱི་	གི་	PART
ལུས་	ལུས་	NOUN
བཅིང་བ་	བཅིང་བ་	VERB
ར་	ལ་	PART
བགྱི་	བགྱི་	VERB
འོ་	གོ་	PART
། །		PUNCT
ངག་	ངག་	NOUN
བཅིང་བ་	བཅིང་བ་	VERB
ར་	ལ་	PART
བགྱི་	བགྱི་	VERB
འོ་	གོ་	PART
། །		PUNCT
ཡིད་	ཡིད་	NOUN
བཅིང་བ་	བཅིང་བ་	VERB
ར་	ལ་	PART
བགྱི་	བགྱི་	VERB
འོ་	གོ་	PART
། །		PUNCT
མཐུ་	མཐུ་	NOUN
བརླག་པ་	བརླག་པ་	VERB
ར་	ལ་	PART
གྱུར་ཅིག་	གྱུར་ཅིག་	NO_POS
རྫུ་འཕྲུལ་	རྫུ་འཕྲུལ་	NOUN
བརླག་པ་	བརླག་པ་	VERB
ར་	ལ་	PART
གྱུར་ཅིག་	གྱུར་ཅིག་	NO_POS
སྟོབས་	སྟོབས་	NOUN
བརླག་པ་	བརླག་པ་	VERB
ར་	ལ་	PART
གྱུར་ཅིག་	གྱུར་ཅིག་	NO_POS
དེ་	དེ་	DET
ས་	གིས་	PART
བཟླས་པ་	བཟླས་པ་	VERB
འི་	གི་	PART
སྔགས་	སྔགས་	NOUN
ཀྱི་	གི་	PART
དེ་ཉིད་	དེ་ཉིད་	NOUN
བརླག་པ་	བརླག་པ་	VERB
ར་	ལ་	PART
གྱུར་ཅིག་	གྱུར་ཅིག་	NO_POS
དེ་	དེ་	DET
ས་	གིས་	PART
བསྒྲུབ་པ་	བསྒྲུབ་པ་	VERB
འི་	གི་	PART
ལྷ་འདྲེ་	ལྷ་འདྲེ་	NOUN
དེ་ཉིད་	དེ་ཉིད་	NOUN
ཀྱིས་	གིས་	PART
དེ་	དེ་	DET
འི་	གི་	PART
ཤ་ལ་	ཤ་ལ་	NO_POS
ཟ་བ་	ཟ་བ་	VERB
ར་	ལ་	PART
གྱུར་ཅིག་	གྱུར་ཅིག་	NO_POS
མ་	མ་	PART
ཧཱ་		NON_WORD
ཀཱ་	ཀཱ་	NO_POS
ལ་	ལ་	ADP
འི་	གི་	PART
ཚོགས་	ཚོགས་	NOUN
རྣམས་	རྣམས་	DET
ཀྱིས་	གིས་	PART
། །		PUNCT
དགྲ་བགེགས་	དགྲ་བགེགས་	OTHER
རྣམས་	རྣམས་	DET
ནི་	ནི་	NO_POS
ཐམས་ཅད་	ཐམས་ཅད་	DET
ཀྱི་	གི་	PART
། །		PUNCT
ལུས་ངག་	ལུས་ངག་	NOUN
ཐལ་བ་	ཐལ་བ་	NOUN
རྡུལ་	རྡུལ་	NOUN
དུ་	ལ་	PART
རློག་	རློག་	VERB
།		PUNCT
རྣམ་ཤེས་	རྣམ་ཤེས་	NOUN
ཆོ་	ཆོ་	NOUN
ཀྱི་	གི་	PART
དབྱིངས་	དབྱིངས་	NOUN
སུ་	ལ་	PART
སྒྲོལ་	སྒྲོལ་	VERB
། །		PUNCT
རྡོ་རྗེ་	རྡོ་རྗེ་	NOUN
འཛིན་པ་	འཛིན་པ་	VERB
རྒྱལ་པོ་	རྒྱལ་པོ་	NOUN
ཡི་	གི་	PART
། །		PUNCT
སོགས་	སོགས་	DET
མན་	མན་	OTHER
གོང་	གོང་	NOUN
བཞིན་	བཞིན་	NOUN
བྱ་	བྱ་	VERB
འོ་	གོ་	PART
། །		PUNCT
བསད་	བསད་	NO_POS
ཟློག་	ཟློག་	VERB
གི་	གི་	PART
དམིགས་པ་	དམིགས་པ་	VERB
གང་	གང་	NO_POS
བྱེད་	བྱེད་	VERB
ན་	ན་	ADP
འང་	ཀྱང་	PART
བསྲུང་བ་	བསྲུང་བ་	VERB
འི་	གི་	PART
དམིགས་པ་	དམིགས་པ་	VERB
རྣམས་	རྣམས་	DET
རྫོགས་	རྫོགས་	VERB
རྗེས་	རྗེས་	NOUN
བསྒོམ་པ་	བསྒོམ་པ་	VERB
ཡིན་	ཡིན་	NO_POS
ཞིང་	ཅིང་	PART
།		PUNCT
སྔགས་	སྔགས་	NOUN
ཐུང་	ཐུང་	VERB
གཉིས་	གཉིས་	NUM
ཇི་ལྟ་		
རིགས་པ་	རིགས་པ་	VERB
འི་	གི་	PART
རྗེས་སུ་	རྗེས་སུ་	OTHER
།		PUNCT
ཤཱ་	ཤཱ་	NO_POS
ས་	ས་	ADP
ན་	ལ་	PART
མཱ་	མཱ་	NO_POS
ར་	ར་	ADP
འི་	གི་	PART
མཐའ་ཅན་	མཐའ་ཅན་	NO_POS
དང་	དང་	NO_POS
སྤེལ་ཚིག་	སྤེལ་ཚིག་	NO_POS
ཅན་	ཅན་	PART
གཙོ་བོ་	གཙོ་བོ་	ADJ
ར་	ལ་	PART
བཟླའོ་		NON_WORD
། །		PUNCT
སྤྱོད་ལམ་	སྤྱོད་ལམ་	NOUN
གྱི་	གི་	PART
རྣལ་འབྱོར་	རྣལ་འབྱོར་	NOUN
ནི་	ནི་	NO_POS
།		PUNCT
སྤྱོད་ལམ་	སྤྱོད་ལམ་	NOUN
ཐམས་ཅད་	ཐམས་ཅད་	DET
དུ་	ལ་	PART
ཕྱི་	ཕྱི་	NOUN
སྣོད་	སྣོད་	NOUN
ཀྱི་	གི་	PART
འཇིག་རྟེན་	འཇིག་རྟེན་	NOUN
སྲུང་བ་	སྲུང་བ་	VERB
འི་	གི་	PART
འཁོར་ལོ་	འཁོར་ལོ་	NOUN
དང་	དང་	NO_POS
།		PUNCT
ནང་	ནང་	NOUN
བཅུད་	བཅུད་	NOUN
ཀྱི་	གི་	PART
སེམས་ཅན་	སེམས་ཅན་	NOUN
མགོན་པོ་	མགོན་པོ་	NOUN
བཅུ་གཅིག་	བཅུ་གཅིག་	NO_POS
སྒྲ་	སྒྲ་	NOUN
ཐམས་ཅད་	ཐམས་ཅད་	DET
ཡི་གེ་	ཡི་གེ་	NOUN
བདུན་པ་	བདུན་པ་	NUM
།		PUNCT
བཅུ་གཉིས་	བཅུ་གཉིས་	NO_POS
མ་	མ་	PART
།		PUNCT
ཤཱ་	ཤཱ་	NO_POS
ས་	ས་	ADP
ན་	ལ་	PART
སོགས་	སོགས་	DET
ཀྱི་	གི་	PART
སྒྲ་	སྒྲ་	NOUN
།		PUNCT
སེམས་	སེམས་	NOUN
ཀྱི་	གི་	PART
ཆོ་འཕྲུལ་	ཆོ་འཕྲུལ་	NOUN
ཐམས་ཅད་	ཐམས་ཅད་	DET
ཡེ་ཤེས་	ཡེ་ཤེས་	NOUN
ཀྱི་	གི་	PART
རང་བཞིན་	རང་བཞིན་	NOUN
དུ་	ལ་	PART
ཤེས་པ་	ཤེས་པ་	VERB
འི་	གི་	PART
ངང་	ངང་	NOUN
ན་	ནས་	PART
འཁོར་ལོ་	འཁོར་ལོ་	NOUN
འི་	གི་	PART
ནང་	ནང་	NOUN
དུ་	ལ་	PART
སྤྱོད་ལམ་	སྤྱོད་ལམ་	NOUN
བྱེད་པ་	བྱེད་པ་	VERB
ར་	ལ་	PART
བསམ་པ་	བསམ་པ་	VERB
འོ་	གོ་	PART
། །		PUNCT
ཉལ་བ་	ཉལ་བ་	VERB
གཉིད་	གཉིད་	NOUN
ཀྱི་	གི་	PART
རྣལ་འབྱོར་	རྣལ་འབྱོར་	NOUN
ནི་	ནི་	NO_POS
།		PUNCT
རང་	རང་	PRON
གི་	གི་	PART
སྙིང་ཁ་	སྙིང་ཁ་	NOUN
འི་	གི་	PART
ཧཱུྃ་		NON_WORD
ལ་	ལ་	ADP
ས་	གིས་	PART
འོད་འཕྲོ་	འོད་འཕྲོ་	NO_POS
ས་པ་	ས་པ་	PART
ན་	ནས་	PART
ཁྲོ་བོ་	ཁྲོ་བོ་	NOUN
བཅུ་	བཅུ་	NUM
རང་	རང་	PRON
ལ་	ལ་	PART
ཐིམ་པ་	ཐིམ་པ་	VERB
འི་	གི་	PART
བ་	བ་	NOUN
གོང་	གོང་	NOUN
བཞིན་	བཞིན་	NOUN
ལ་	ལ་	PART
།		PUNCT
རང་ཉིད་	རང་ཉིད་	OTHER
གདན་	གདན་	NOUN
དང་	དང་	NO_POS
བཅས་པ་	བཅས་པ་	VERB
སྙིང་ཁ་	སྙིང་ཁ་	NOUN
འི་	གི་	PART
གྲི་གུག་	གྲི་གུག་	NOUN
ཧཱུྃ་		NON_WORD
དང་	དང་	NO_POS
བཅས་པ་	བཅས་པ་	VERB
ལ་	ལ་	PART
ཐིམ་	ཐིམ་	NO_POS
།		PUNCT
གྲི་གུག་	གྲི་གུག་	NOUN
པད་	པད་	NO_POS
ཉི་	ཉི་	NUM
དང་	དང་	NO_POS
བཅས་པ་	བཅས་པ་	VERB
ཉི་གདན་	ཉི་གདན་	NO_POS
དང་	དང་	NO_POS
ཧཱུྃ་		NON_WORD
ལ་	ལ་	PART
ཐིམ་	ཐིམ་	NO_POS
།		PUNCT
ཉི་མ་	ཉི་མ་	NOUN
ཞབས་ཀྱུ་	ཞབས་ཀྱུ་	NO_POS
ལ་	ལ་	PART
ཐིམ་	ཐིམ་	NO_POS
།		PUNCT
ཞབས་ཀྱུ་	ཞབས་ཀྱུ་	NO_POS
ཁོག་པ་	ཁོག་པ་	VERB
ལ་	ལ་	PART
ཐིམ་	ཐིམ་	NO_POS
།		PUNCT
ཁོག་པ་	ཁོག་པ་	VERB
མགོ་བོ་	མགོ་བོ་	NOUN
ལ་	ལ་	PART
ཐིམ་	ཐིམ་	NO_POS
།		PUNCT
མགོ་བོ་	མགོ་བོ་	NOUN
ཟླ་ཚེས་	ཟླ་ཚེས་	OTHER
ལ་	ལ་	PART
ཐིམ་	ཐིམ་	NO_POS
།		PUNCT
ཟླ་	ཟླ་	NOUN
ཚེ་	ཚེ་	NOUN
ཐིག་ལེ་	ཐིག་ལེ་	NOUN
ལ་	ལ་	PART
ཐིམ་	ཐིམ་	NO_POS
།		PUNCT
ཐིག་ལེ་	ཐིག་ལེ་	NOUN
ནཱ་	ནཱ་	NO_POS
ད་	ད་	ADV
ལ་	ལ་	PART
ཐིམ་	ཐིམ་	NO_POS
།		PUNCT
ནཱ་	ནཱ་	NO_POS
ད་	ད་	ADV
ཡང་	ཀྱང་	PART
ཇེ་	ཇེ་	OTHER
ཕྲ་	ཕྲ་	NOUN
ཇེ་	ཇེ་	OTHER
ཕྲ་	ཕྲ་	NOUN
ར་	ལ་	PART
སོང་	སོང་	VERB
ན་	ནས་	PART
ནམ་མཁའ་	ནམ་མཁའ་	NOUN
ལ་	ལ་	PART
འཇའ་	འཇའ་	NOUN
ཡལ་བ་	ཡལ་བ་	VERB
བཞིན་	བཞིན་	NOUN
མི་	མི་	PART
དམིགས་པ་	དམིགས་པ་	VERB
སྟོང་པ་ཉིད་	སྟོང་པ་ཉིད་	NOUN
ཀྱི་	གི་	PART
ངང་	ངང་	NOUN
དུ་	ལ་	PART
ཉལ་བ་	ཉལ་བ་	VERB
ར་	ལ་	PART
བྱ་	བྱ་	VERB
འོ་	གོ་	PART
། །		PUNCT
ནང་པ་	ནང་པ་	NOUN
ར་	ལ་	PART
ལྡང་བ་	ལྡང་བ་	VERB
འི་	གི་	PART
རྣལ་འབྱོར་	རྣལ་འབྱོར་	NOUN
ནི་	ནི་	NO_POS
།		PUNCT
གཉིད་	གཉིད་	NOUN
སད་	སད་	VERB
མ་	མ་	PART
ཐག་	ཐག་	VERB
ཧཱུྃ་		NON_WORD
ཞེ་	ཅེས་	PART
བརྗོད་པ་	བརྗོད་པ་	VERB
ས་	གིས་	PART
རང་	རང་	PRON
སྐད་ཅིག་	སྐད་ཅིག་	OTHER
གིས་	གིས་	PART
ནག་པོ་	ནག་པོ་	ADJ
ཆེན་པོ་	ཆེན་པོ་	ADJ
ར་	ལ་	PART
བསམ་	བསམ་	NOUN
།		PUNCT
ཡང་	ཀྱང་	PART
ཧཱུྃ་		NON_WORD
ཞེ་	ཅེས་	PART
བརྗོད་པ་	བརྗོད་པ་	VERB
ས་	གིས་	PART
ཁྲོ་བོ་	ཁྲོ་བོ་	NOUN
བཅུ་	བཅུ་	NUM
ཕྱི་	ཕྱི་	NOUN
རིགས་སྐྱོང་བ་	རིགས་སྐྱོང་བ་	NO_POS
རྣམས་	རྣམས་	DET
གསལ་	གསལ་	VERB
ལམ་	གམ་	PART
བྱུང་བ་	བྱུང་བ་	VERB
ར་	ལ་	PART
བསམ་	བསམ་	NOUN
ཞིང་	ཅིང་	PART
།		PUNCT
སྲུང་འཁོར་	སྲུང་འཁོར་	NOUN
གྱི་	གི་	PART
ནང་	ནང་	NOUN
དུ་	ལ་	PART
སྤྱོད་ལམ་	སྤྱོད་ལམ་	NOUN
བྱེད་པ་	བྱེད་པ་	VERB
ར་	ལ་	PART
བསྒོམ་	བསྒོམ་	VERB
།		PUNCT
ཁྲུ་	ཁྲུ་	NOUN
ཀྱི་	གི་	PART
རྣལ་འབྱོར་	རྣལ་འབྱོར་	NOUN
ནི་	ནི་	NO_POS
།		PUNCT
རང་	རང་	PRON
གི་	གི་	PART
སྙིང་ཁ་	སྙིང་ཁ་	NOUN
འི་	གི་	PART
ཧཱུྃ་		NON_WORD
ལ་	ལ་	ADP
ས་	གིས་	PART
འོད་འཕྲོ་	འོད་འཕྲོ་	NO_POS
ས་པ་	ས་པ་	PART
ས་	གིས་	PART
དབང་	དབང་	NOUN
གི་	གི་	PART
ལྷ་	ལྷ་	NOUN
རིགས་	རིགས་	NOUN
ལྔ་	ལྔ་	NUM
འཁོར་བཅས་	འཁོར་བཅས་	ADJ
མདུན་	མདུན་	NOUN
གྱི་	གི་	PART
ནམ་མཁ་	ནམ་མཁའ་	NOUN
ར་	ལ་	PART
ཨོཾ་	ཨོཾ་	X
བཛྲ་	བཛྲ་	NO_POS
ས་	ས་	ADP
མཱ་	མཱ་	NO_POS
ཛཿ་		NON_WORD
ཨོཾ་	ཨོཾ་	X
ཨརྒྷཾ་		NON_WORD
སོགས་	སོགས་	DET
ཀྱིས་	གིས་	PART
མཆོད་	མཆོད་	VERB
།		PUNCT
དེ་བཞིན་	དེ་བཞིན་	OTHER
གཤེགས་པ་	གཤེགས་པ་	VERB
ཐམས་ཅད་	ཐམས་ཅད་	DET
ཀྱིས་	གིས་	PART
བདག་	བདག་	PRON
གི་	གི་	PART
སྡིག་སྒྲིབ་	སྡིག་སྒྲིབ་	NOUN
སྦྱང་	སྦྱང་	VERB
དུ་	ལ་	PART
གསོལ་	གསོལ་	VERB
།		PUNCT
ཞེ་	ཅེས་	PART
གསོལ་བ་	གསོལ་བ་	VERB
བཏབ་པ་	བཏབ་པ་	VERB
ས་	གིས་	PART
དབང་	དབང་	NOUN
གི་	གི་	PART
ལྷ་	ལྷ་	NOUN
རྣམས་	རྣམས་	DET
ཀྱི་	གི་	PART
རིན་པོ་ཆེ་	རིན་པོ་ཆེ་	ADJ
འི་	གི་	PART
བུམ་པ་	བུམ་པ་	NOUN
བདུད་རྩི་	བདུད་རྩི་	NOUN
ས་	གིས་	PART
གང་བ་	གང་བ་	VERB
ཐོགས་	ཐོགས་	VERB
ན་	ནས་	PART
རང་	རང་	PRON
གི་	གི་	PART
སྤྱི་བོ་	སྤྱི་བོ་	NOUN
ན་	ནས་	PART
བདུད་རྩི་	བདུད་རྩི་	NOUN
བླུགས་པ་		
བསམ་	བསམ་	NOUN
ཞིང་	ཅིང་	PART
།		PUNCT
ངག་	ངག་	NOUN
ཏུ་	ལ་	PART
ཨོཾ་	ཨོཾ་	X
སརྦ་	སརྦ་	NO_POS
ཏ་	ཏ་	OTHER
ཐཱ་		NON_WORD
ག་	ག་	PRON
ཏ་	ཏ་	OTHER
ཨ་	ཨ་	X
བྷི་		NON_WORD
ཥེ་		NON_WORD
ཀ་	ཀ་	DET
ཏ་	ཏ་	OTHER
ས་	ས་	ADP
མ་	མ་	PART
ཡ་	ཡ་	NOUN
ཤྲཱི་		NON_WORD
ཧཱུྃ་		NON_WORD
།		PUNCT
ཞེ་	ཅེས་	PART
བརྗོད་	བརྗོད་	VERB
ཅིང་	ཅིང་	PART
གསུང་བ་	གསུང་བ་	VERB
ར་	ལ་	PART
མོ་	མོ་	VERB
ལ་	ལ་	PART
བུམ་ཆུ་	བུམ་ཆུ་	NOUN
འམ་	གམ་	PART
ཆུ་	ཆུ་	NOUN
གཙང་	གཙང་	PROPN
གི་	གི་	PART
ཁྲུ་	ཁྲུ་	NOUN
དངོ་	དངོ་	NOUN
སུ་	ལ་	PART
བྱས་པ་	བྱས་པ་	VERB
ས་	གིས་	PART
སྡིག་སྒྲིབ་	སྡིག་སྒྲིབ་	NOUN
དག་པ་	དག་པ་	VERB
ར་	ལ་	PART
བསམ་	བསམ་	NOUN
།		PUNCT
ཁ་ཟས་	ཁ་ཟས་	NOUN
ཀྱི་	གི་	PART
རྣལ་འབྱོར་	རྣལ་འབྱོར་	NOUN
ནི་	ནི་	NO_POS
རང་	རང་	PRON
མགོན་པོ་	མགོན་པོ་	NOUN
ར་	ལ་	PART
གསལ་བ་	གསལ་བ་	VERB
འི་	གི་	PART
སྙིང་ཁ་	སྙིང་ཁ་	NOUN
དང་	དང་	NO_POS
།		PUNCT
ལྟེ་བ་	ལྟེ་བ་	NOUN
ར་	ལ་	PART
མེ་	མེ་	NOUN
འབར་བ་	འབར་བ་	VERB
འི་	གི་	PART
ཁྲོད་	ཁྲོད་	NOUN
དུ་	ལ་	PART
སྙིང་ཁ་	སྙིང་ཁ་	NOUN
ར་	ལ་	PART
གུ་	གུ་	NOUN
གྱི་	གི་	PART
མགོན་པོ་	མགོན་པོ་	NOUN
ཁྲོ་བོ་	ཁྲོ་བོ་	NOUN
བཅུ་གཅིག་	བཅུ་གཅིག་	NO_POS
གི་	གི་	PART
གཙོ་བོ་	གཙོ་བོ་	ADJ
འི་	གི་	PART
དབུ་	དབུ་	NOUN
འི་	གི་	PART
སྟེང་	སྟེང་	NOUN
དུ་	ལ་	PART
བླ་མ་	བླ་མ་	NOUN
མི་བསྐྱོད་པ་	མི་བསྐྱོད་པ་	NO_POS
འི་	གི་	PART
རྣམ་པ་	རྣམ་པ་	NOUN
ར་	ལ་	PART
བཞུགས་པ་	བཞུགས་པ་	VERB
རྣམས་	རྣམས་	DET
བསམ་	བསམ་	NOUN
།		PUNCT
ལྟེ་བ་	ལྟེ་བ་	NOUN
ར་	ལ་	PART
ཕྱི་	ཕྱི་	NOUN
རིགས་སྐྱོང་བ་	རིགས་སྐྱོང་བ་	NO_POS
ཐམས་ཅད་	ཐམས་ཅད་	DET
བསམས་	བསམས་	VERB
ལ་	ལ་	PART
།		PUNCT
ཁ་ཟས་	ཁ་ཟས་	NOUN
རྣམས་	རྣམས་	DET
དགྲ་བགེགས་	དགྲ་བགེགས་	OTHER
ཀྱི་	གི་	PART
ཤ་ཁྲག་	ཤ་ཁྲག་	NOUN
ཏུ་	ལ་	PART
མོ་	མོ་	VERB
ལ་	ལ་	PART
།		PUNCT
ཨོཾ་	ཨོཾ་	X
ཨཱཿ་		NON_WORD
ཧཱུྃ་		NON_WORD
ལན་	ལན་	NOUN
གསུམ་	གསུམ་	NUM
བརྗོད་པ་	བརྗོད་པ་	VERB
ས་	གིས་	PART
བྱིན་	བྱིན་	VERB
གྱིས་	གིས་	PART
བརླབས་	བརླབས་	NO_POS
ན་	ནས་	PART
།		PUNCT
ལག་པ་	ལག་པ་	NOUN
གཡའ་	གཡའ་	NOUN
དགང་གཟར་	དགང་གཟར་	NOUN
།		PUNCT
གཡོན་	གཡོན་	NOUN
བླུག་	བླུག་	VERB
གཟའ་	གཟའ་	VERB
དུ་	ལ་	PART
བསམ་	བསམ་	NOUN
།		PUNCT
ཁ་	ཁ་	PRON
ཐབ་ཁུང་	ཐབ་ཁུང་	NOUN
མེ་	མེ་	NOUN
འབར་བ་	འབར་བ་	VERB
འི་	གི་	PART
ཁྲོད་	ཁྲོད་	NOUN
དུ་	ལ་	PART
ཤ་ཁྲག་	ཤ་ཁྲག་	NOUN
བདུད་རྩི་	བདུད་རྩི་	NOUN
ར་	ལ་	PART
བསམ་པ་	བསམ་པ་	VERB
འི་	གི་	PART
ཁ་ཟས་	ཁ་ཟས་	NOUN
ཐོག་མ་	ཐོག་མ་	NOUN
ར་	ལ་	PART
གང་	གང་	NO_POS
ཟ་བ་	ཟ་བ་	VERB
དེ་	སྟེ་	PART
ལག་པ་	ལག་པ་	NOUN
གཡས་པ་	གཡས་པ་	VERB
ས་	གིས་	PART
གཡོན་པ་	གཡོན་པ་	ADJ
ར་	ལ་	PART
གཏད་	གཏད་	VERB
།		PUNCT
གཡོན་པ་	གཡོན་པ་	ADJ
ས་	གིས་	PART
ཁ་	ཁ་	PRON
ར་	ལ་	PART
ཕུལ་བ་	ཕུལ་བ་	VERB
ས་	གིས་	PART
།		PUNCT
སྙིང་ཁ་	སྙིང་ཁ་	NOUN
དང་	དང་	NO_POS
ལྟེ་བ་	ལྟེ་བ་	NOUN
ན་	ལ་	PART
བཞུགས་པ་	བཞུགས་པ་	VERB
རྣམས་	རྣམས་	DET
ཀྱི་	གི་	PART
ཐུགས་	ཐུགས་	NOUN
བརྒྱུད་	བརྒྱུད་	NO_POS
ཚིམ་	ཚིམ་	VERB
ཞིང་	ཅིང་	PART
མཉེས་པ་	མཉེས་པ་	VERB
ར་	ལ་	PART
བསམས་	བསམས་	VERB
ལ་	ལ་	PART
ལོངས་སྤྱོད་	ལོངས་སྤྱོད་	NOUN
།		PUNCT
ཟས་་	ཟས་པ་	NOUN
འི་	གི་	PART
ལྷག་མ་	ལྷག་མ་	NOUN
ལ་	ལ་	PART
མཆིལ་མ་	མཆིལ་མ་	NOUN
ས་	གིས་	PART
བཏབ་	བཏབ་	VERB
སྟེ་	སྟེ་	PART
།		PUNCT
ཨོཾ་	ཨོཾ་	X
ཨུ་	ཨུ་	NO_POS
ཙྪིཥྚ་བ་	ཙྪིཥྚ་བ་	NON_WORD
ལིང་	ལིང་	ADV
ཏ་	ཏ་	OTHER
བྷཀྵ་		NON_WORD
སི་	སི་	OTHER
སྭཱཧཱ་		NON_WORD
།		PUNCT
ལྷག་མ་	ལྷག་མ་	NOUN
ལ་	ལ་	PART
དབང་བ་	དབང་བ་	VERB
འི་	གི་	PART
འབྱུང་པོ་	འབྱུང་པོ་	NOUN
རྣམས་	རྣམས་	DET
ལ་	ལ་	PART
སྦྱིན་	སྦྱིན་	VERB
ནོ་	གོ་	PART
། །		PUNCT
ཞེས་་	ཞེས་པ་	PART
འི་	གི་	PART
ལྷག་མ་	ལྷག་མ་	NOUN
བཏང་	བཏང་	VERB
།		PUNCT
གཏོར་མ་	གཏོར་མ་	NOUN
འི་	གི་	PART
རྣལ་འབྱོར་	རྣལ་འབྱོར་	NOUN
ནི་	ནི་	NO_POS
།		PUNCT
གཏོར་མ་	གཏོར་མ་	NOUN
བྱད་མ་	བྱད་མ་	NO_POS
འི་	གི་	PART
ཤ་ཁྲག་	ཤ་ཁྲག་	NOUN
ཏུ་	ལ་	PART
བསམས་	བསམས་	VERB
ལ་	ལ་	PART
གཏོ་	གཏོ་	VERB
ཆོག་	ཆོག་	VERB
བཞིན་	བཞིན་	NOUN
ཕུལ་	ཕུལ་	VERB
།		PUNCT
ཐུན་གཏོར་	ཐུན་གཏོར་	NO_POS
སྒྲུབ་ཁང་	སྒྲུབ་ཁང་	NOUN
གི་	གི་	PART
སྟེང་	སྟེང་	NOUN
ངམ་	གམ་	PART
།		PUNCT
དགྲ་ཕྱོགས་	དགྲ་ཕྱོགས་	NO_POS
སུ་	ལ་	PART
བསྐྱལ་	བསྐྱལ་	NO_POS
ན་	ནས་	PART
ལྷ་	ལྷ་	NOUN
བསྲུང་	བསྲུང་	NO_POS
ཐམས་ཅད་	ཐམས་ཅད་	DET
ཀྱི་	གི་	PART
དམག་	དམག་	NOUN
དྲངས་	དྲངས་	NO_POS
ན་	ནས་	PART
བསད་	བསད་	NO_POS
བཅད་	བཅད་	VERB
ཀྱི་	གི་	PART
ལ་	ལ་	ADP
ས་	གིས་	PART
མཛད་པ་	མཛད་པ་	VERB
ར་	ལ་	PART
བསམ་	བསམ་	NOUN
།		PUNCT
སླ་	སླ་	ADV
ལྷ་	ལྷ་	NOUN
བསྲུང་	བསྲུང་	NO_POS
རྣམས་	རྣམས་	DET
རང་	རང་	PRON
ལ་	ལ་	PART
བསྡུ་	བསྡུ་	VERB
འོ་	གོ་	PART
། །		PUNCT
རྫོགས་རིམ་	རྫོགས་རིམ་	NOUN
བསྒོམ་	བསྒོམ་	VERB
ན་	ལ་	PART
ཉལ་བ་	ཉལ་བ་	VERB
འི་	གི་	PART
རྣལ་འབྱོར་	རྣལ་འབྱོར་	NOUN
བཞིན་	བཞིན་	NOUN
རིམ་བཞིན་	རིམ་བཞིན་	NO_POS
བསྡུ་	བསྡུ་	VERB
ལ་	ལ་	PART
།		PUNCT
ནཱ་	ནཱ་	NO_POS
ད་	ད་	ADV
མི་	མི་	PART
དམིགས་པ་	དམིགས་པ་	VERB
སྟོང་པ་ཉིད་	སྟོང་པ་ཉིད་	NOUN
ཀྱི་	གི་	PART
ངང་	ངང་	NOUN
དུ་	ལ་	PART
མཉམ་པ་	མཉམ་པ་	VERB
ར་	ལ་	PART
གཞག་	གཞག་	VERB
ལ་	ལ་	PART
།		PUNCT
རྟོག་པ་	རྟོག་པ་	VERB
འི་	གི་	PART
སྦུན་	སྦུན་	NO_POS
ལང་	ལང་	NO_POS
ན་	ལ་	PART
ཆུ་	ཆུ་	NOUN
ལ་	ལ་	ADP
ས་	གིས་	PART
ཉ་	ཉ་	NOUN
འཕར་	འཕར་	NO_POS
གྱི་	གི་	PART
ཚུལ་	ཚུལ་	NOUN
དུ་	ལ་	PART
རང་	རང་	PRON
སྐད་ཅིག་	སྐད་ཅིག་	OTHER
གིས་	གིས་	PART
ནག་པོ་	ནག་པོ་	ADJ
ཆེན་པོ་	ཆེན་པོ་	ADJ
ར་	ལ་	PART
ལངས་	ལངས་	VERB
ལ་	ལ་	PART
།		PUNCT
རྗེས་	རྗེས་	NOUN
དགེ་བ་	དགེ་བ་	VERB
ལ་	ལ་	PART
བསྔོ་བ་	བསྔོ་བ་	VERB
ར་	ལ་	PART
བྱ་བ་	བྱ་བ་	VERB
ཡིན་	ཡིན་	NO_POS
ནོ་	གོ་	PART
། །		PUNCT
དེ་ལྟ་	དེ་ལྟ་	NO_POS
བུ་	བུ་	NOUN
འི་	གི་	PART
སྒོ་	སྒོ་	NOUN
ན་	ནས་	PART
སྲུང་འཁོར་	སྲུང་འཁོར་	NOUN
འདི་ཉིད་	འདི་ཉིད་	OTHER
ཐུན་	ཐུན་	NOUN
བཞི་	བཞི་	NUM
ལ་སོགས་པ་	ལ་སོགས་པ་	NO_POS
ར་	ལ་	PART
སྙིང་རྗེ་	སྙིང་རྗེ་	NOUN
དང་	དང་	NO_POS
ལྡན་	ལྡན་	VERB
ཞིང་	ཅིང་	PART
བརྩོན་འགྲུས་	བརྩོན་འགྲུས་	NOUN
ཆེན་པོ་	ཆེན་པོ་	ADJ
ས་	གིས་	PART
བསྒྲུབས་	བསྒྲུབས་	VERB
ན་	ལ་	PART
།		PUNCT
རབ་	རབ་	ADV
ཀྱི་	གི་	PART
ནག་པོ་	ནག་པོ་	ADJ
དངོ་	དངོ་	NOUN
སུ་	ལ་	PART
མཐོང་	མཐོང་	VERB
། །		PUNCT
འབྲིང་	འབྲིང་	NOUN
གིས་	གིས་	PART
མི་ནག་	མི་ནག་	PROPN
བྱ་	བྱ་	VERB
ནག་	ནག་	VERB
མཐོང་	མཐོང་	VERB
། །		PUNCT
སྒྲ་	སྒྲ་	NOUN
དང་	དང་	NO_POS
འོད་	འོད་	NOUN
དང་	དང་	NO_POS
ཨ་ཙ་ར་	ཨ་ཙ་ར་	NOUN
། །		PUNCT
གཏོར་མ་	གཏོར་མ་	NOUN
མེ་	མེ་	NOUN
འབའ་	འབའ་	VERB
དངོ་	དངོ་	NOUN
སུ་	ལ་	PART
མཐོང་	མཐོང་	VERB
། །		PUNCT
ཐ་མ་	ཐ་མ་	ADJ
ནག་པོ་	ནག་པོ་	ADJ
ཆེན་པོ་	ཆེན་པོ་	ADJ
དང་	དང་	NO_POS
། །		PUNCT
བླ་མ་	བླ་མ་	NOUN
དགེ་བཤེས་	དགེ་བཤེས་	NOUN
མི་དཔོན་	མི་དཔོན་	NO_POS
དང་	དང་	NO_POS
། །		PUNCT
གཙོ་བོ་	གཙོ་བོ་	ADJ
བུད་མེད་	བུད་མེད་	NOUN
རྒྱན་	རྒྱན་	NOUN
ལྡན་	ལྡན་	VERB
དང་	དང་	NO_POS
། །		PUNCT
མི་ནག་	མི་ནག་	PROPN
བྱ་	བྱ་	VERB
ནག་	ནག་	VERB
ཁྱི་	ཁྱི་	NOUN
ནག་	ནག་	VERB
དང་	དང་	NO_POS
། །		PUNCT
ཧོར་	ཧོར་	PROPN
སོགས་	སོགས་	DET
བནྡྷེ་		NON_WORD
ཨ་ཙ་ར་	ཨ་ཙ་ར་	NOUN
། །		PUNCT
རྨི་ལམ་	རྨི་ལམ་	NOUN
བྱུང་	བྱུང་	VERB
ན་	ལ་	PART
ཉེ་བ་	ཉེ་བ་	VERB
འི་	གི་	PART
རྟགས་	རྟགས་	NOUN
། །		PUNCT
གཞན་	གཞན་	DET
ཡང་	ཀྱང་	PART
ད་	ད་	NOUN
འཕྱར་	འཕྱར་	VERB
དུང་འབུད་	དུང་འབུད་	NO_POS
དང་	དང་	NO_POS
། །		PUNCT
ཉི་ཟླ་	ཉི་ཟླ་	NOUN
འཆར་བ་	འཆར་བ་	VERB
འགྲུབ་པ་	འགྲུབ་པ་	VERB
འི་	གི་	PART
རྟགས་	རྟགས་	NOUN
། །		PUNCT
མཁའ་	མཁའ་	NOUN
དང་	དང་	NO_POS
རྫོང་	རྫོང་	NOUN
ནང་	ནང་	NOUN
འདུག་པ་	འདུག་པ་	VERB
དང་	དང་	NO_POS
། །		PUNCT
གོ་མཚོན་	གོ་མཚོན་	OTHER
ཐོགས་པ་	ཐོགས་པ་	VERB
བསྲུང་བ་	བསྲུང་བ་	VERB
འི་	གི་	PART
རྟགས་	རྟགས་	NOUN
། །		PUNCT
གཡག་	གཡག་	NOUN
སོགས་	སོགས་	DET
སྲོག་ཆགས་	སྲོག་ཆགས་	NOUN
བསད་པ་	བསད་པ་	VERB
དང་	དང་	NO_POS
། །		PUNCT
ཧོར་པ་	ཧོར་པ་	NO_POS
ས་	གིས་	PART
བརྡབ་	བརྡབ་	NO_POS
ཆགས་	ཆགས་	VERB
འདེད་པ་	འདེད་པ་	VERB
དང་	དང་	NO_POS
། །		PUNCT
ཅེ་སྤྱང་	ཅེ་སྤྱང་	NOUN
རི་དྭགས་	རི་དྭགས་	NOUN
གསོད་པ་	གསོད་པ་	VERB
དང་	དང་	NO_POS
། །		PUNCT
ཤིང་	ཅིང་	PART
གཅོད་	གཅོད་	NO_POS
བྲག་	བྲག་	NOUN
བཤིག་	བཤིག་	VERB
གསོད་པ་	གསོད་པ་	VERB
འི་	གི་	PART
རྟགས་	རྟགས་	NOUN
། །		PUNCT
ཅེ་སྤྱང་	ཅེ་སྤྱང་	NOUN
མ་	མ་	PART
རུང་	རུང་	SCONJ
བསད་པ་	བསད་པ་	VERB
དང་	དང་	NO_POS
། །		PUNCT
བདག་	བདག་	PRON
གི་	གི་	PART
དམག་དཔོན་	དམག་དཔོན་	NOUN
བསྐོས་པ་	བསྐོས་པ་	VERB
ནི་	ནི་	NO_POS
། །		PUNCT
ཕ་རོལ་	ཕ་རོལ་	NOUN
དམག་དཔུང་	དམག་དཔུང་	NO_POS
བཟློག་པ་	བཟློག་པ་	VERB
འི་	གི་	PART
རྟགས་	རྟགས་	NOUN
། །		PUNCT
བླ་མ་	བླ་མ་	NOUN
མི་	མི་	PART
མཉེས་	མཉེས་	VERB
དྲག་པོ་	དྲག་པོ་	ADJ
དང་	དང་	NO_POS
། །		PUNCT
དཔོན་གཡོག་	དཔོན་གཡོག་	NO_POS
ནང་འཐབ་	ནང་འཐབ་	NO_POS
ཨ་ཙ་ར་	ཨ་ཙ་ར་	NOUN
། །		PUNCT
བདག་	བདག་	PRON
ལ་	ལ་	PART
ཁྲོས་པ་	ཁྲོས་པ་	VERB
བཟློག་པ་	བཟློག་པ་	VERB
འི་	གི་	PART
རྟགས་	རྟགས་	NOUN
། །		PUNCT
དེ་དུས་	དེ་དུས་	PRON
སྲུང་འཁོར་	སྲུང་འཁོར་	NOUN
གནད་	གནད་	NOUN
དུ་	ལ་	PART
ཆེ་	ཆེ་	VERB
། །		PUNCT
བུད་མེད་	བུད་མེད་	NOUN
ངུ་	ངུ་	NO_POS
ཞིང་	ཅིང་	PART
རྒྱན་ཆ་	རྒྱན་ཆ་	NOUN
ངན་	ངན་	VERB
། །		PUNCT
ལྷ་	ལྷ་	NOUN
ཆ་	ཆ་	NOUN
སྐད་	སྐད་	NOUN
མེད་	མེད་	VERB
མཚོན་ཆ་	མཚོན་ཆ་	NOUN
བརྟུལ་	བརྟུལ་	NO_POS
"།

།"		PUNCT
བྱ་རོག་	བྱ་རོག་	NOUN
རོད་	རོད་	NO_POS
ངན་	ངན་	VERB
མཛེ་ཕོ་	མཛེ་ཕོ་	NO_POS
ནི་	ནི་	NO_POS
། །		PUNCT
ཉམ་	ཉམ་	NOUN
ཆགས་	ཆགས་	VERB
རྟགས་	རྟགས་	NOUN
ཡིན་	ཡིན་	NO_POS
བཤགས་པ་	བཤགས་པ་	VERB
བྱ་	བྱ་	VERB
། །		PUNCT
ཞེ་	ཅེས་	PART
འཕགས་པ་	འཕགས་པ་	VERB
ས་	གིས་	PART
གསུངས་པ་	གསུངས་པ་	VERB
ལྟ་	ལྟ་	OTHER
གྱི་	གི་	PART
རྟགས་	རྟགས་	NOUN
རྣམས་	རྣམས་	DET
འབྱུང་བ་	འབྱུང་བ་	VERB
ས་	གིས་	PART
འདི་	འདི་	DET
རྣམས་	རྣམས་	DET
ལན་	ལན་	NOUN
གསུམ་	གསུམ་	NUM
རེ་	རེ་	DET
བསྐྱར་	བསྐྱར་	NO_POS
ན་	ནས་	PART
བྱུང་	བྱུང་	VERB
ན་	ལ་	PART
ངེས་པ་	ངེས་པ་	VERB
འི་	གི་	PART
རྟགས་	རྟགས་	NOUN
ཡིན་	ཡིན་	NO_POS
ནོ་	གོ་	PART
། །		PUNCT
དཔལ་	དཔལ་	OTHER
རྡོ་རྗེ་	རྡོ་རྗེ་	NOUN
ནག་པོ་	ནག་པོ་	ADJ
ཆེན་པོ་	ཆེན་པོ་	ADJ
འདི་ཉིད་	འདི་ཉིད་	OTHER
ཀྱི་	གི་	PART
སྲུང་འཁོར་	སྲུང་འཁོར་	NOUN
རྡོ་རྗེ་	རྡོ་རྗེ་	NOUN
འི་	གི་	PART
བྲག་རྫོང་	བྲག་རྫོང་	NO_POS
གི་	གི་	PART
མན་ངག་	མན་ངག་	NOUN
ཟབ་མོ་	ཟབ་མོ་	ADJ
སྙིང་	སྙིང་	NOUN
ནང་	ནང་	NOUN
གི་	གི་	PART
ཁྲག་	ཁྲག་	NOUN
ལྟ་བུ་	ལྟ་བུ་	NOUN
འདི་	འདི་	DET
།		PUNCT
ཤིན་ཏུ་	ཤིན་ཏུ་	NO_POS
ཟབ་	ཟབ་	VERB
ཅིང་	ཅིང་	PART
ཆེ་	ཆེ་	VERB
ཁྱད་པར་	ཁྱད་པར་	NOUN
དུ་	ལ་	PART
འཕགས་པ་	འཕགས་པ་	VERB
ས་	གིས་	PART
།		PUNCT
དམ་ཚིག་	དམ་ཚིག་	NOUN
དང་	དང་	NO_POS
མི་	མི་	PART
ལྡན་པ་	ལྡན་པ་	VERB
སོགས་	སོགས་	DET
སྣོད་	སྣོད་	NOUN
མིན་	མིན་	AUX
རྣམས་	རྣམས་	DET
ལ་	ལ་	PART
གསང་བ་	གསང་བ་	VERB
འི་	གི་	PART
ཕྱི་	ཕྱི་	OTHER
དང་	དང་	NO_POS
།		PUNCT
གསང་སྔགས་	གསང་སྔགས་	NOUN
ཟབ་མོ་	ཟབ་མོ་	ADJ
བླ་མ་	བླ་མ་	NOUN
ལ་མ་	ལ་མ་	NO_POS
བརྟེན་པ་	བརྟེན་པ་	VERB
ར་	ལ་	PART
རང་	རང་	PRON
དག་	དགའ་	VERB
ར་	ལ་	PART
སྤྱད་	སྤྱད་	VERB
དོགས་	དོགས་	NO_POS
།		PUNCT
བླ་མ་	བླ་མ་	NOUN
གོང་མ་	གོང་མ་	ADJ
རྣམས་	རྣམས་	DET
ཀྱི་	གི་	PART
གབ་	གབ་	NO_POS
འཁྲུགས་	འཁྲུགས་	NO_POS
སུ་	ལ་	PART
བཞུགས་པ་	བཞུགས་པ་	VERB
སྣང་	སྣང་	VERB
མོད་	མོད་	VERB
ཀྱང་	ཀྱང་	PART
།		PUNCT
དེང་སང་	དེང་སང་	ADV
སྙིགས་མ་	སྙིགས་མ་	NOUN
ལྔ་	ལྔ་	NUM
བདོའི་		NON_WORD
དུས་	དུས་	NOUN
འདི་	འདི་	DET
ར་	ལ་	PART
མན་ངག་	མན་ངག་	NOUN
བླ་མ་	བླ་མ་	NOUN
ལ་	ལ་	PART
ཞུ་	ཞུ་	VERB
ཤིང་	ཅིང་	PART
གཏུགས་པ་	གཏུགས་པ་	VERB
ལྟ་	ལྟ་	NOUN
སྨོས་	སྨོས་	VERB
ཀྱང་	ཀྱང་	PART
ཅི་	ཅི་	NO_POS
འཚལ་	འཚལ་	VERB
།		PUNCT
མིང་ཙམ་	མིང་ཙམ་	NO_POS
ཡང་	ཀྱང་	PART
མི་	མི་	PART
ཤེ་	ཤེ་	VERB
ཤིང་	ཅིང་	PART
།		PUNCT
ཅུང་ཟད་	ཅུང་ཟད་	ADV
རེ་	རེ་	DET
ཤེས་པ་	ཤེས་པ་	VERB
ར་	ལ་	PART
རློམ་པ་	རློམ་པ་	VERB
རྣམས་	རྣམས་	DET
ཀྱང་	ཀྱང་	PART
རང་བཟོ་	རང་བཟོ་	NO_POS
ཧམ་པ་	ཧམ་པ་	NOUN
སུ་	ལ་	PART
ཆེ་	ཆེ་	VERB
འི་	གི་	PART
ཉམས་ལེན་	ཉམས་ལེན་	NOUN
མ་གཏོགས་	མ་གཏོགས་	NO_POS
ཕན་ཡོན་	ཕན་ཡོན་	NOUN
ཡོད་པ་	ཡོད་པ་	VERB
མ་	མ་	PART
མཐོང་བ་	མཐོང་བ་	VERB
དང་	དང་	NO_POS
།		PUNCT
མན་ངག་	མན་ངག་	NOUN
ཟབ་མོ་	ཟབ་མོ་	ADJ
ནུབ་	ནུབ་	ADV
དོགས་	དོགས་	NO_POS
བླ་མ་	བླ་མ་	NOUN
དང་	དང་	NO_POS
།		PUNCT
བཀའ་	བཀའ་	NOUN
བསྲུང་	བསྲུང་	NO_POS
ཁྱད་པར་ཅན་	ཁྱད་པར་ཅན་	ADJ
རྣམས་	རྣམས་	DET
ལ་	ལ་	PART
མཆོད་གཏོར་	མཆོད་གཏོར་	OTHER
ཕུལ་	ཕུལ་	VERB
ཞིང་	ཅིང་	PART
གསོལ་བ་	གསོལ་བ་	VERB
བཏབ་	བཏབ་	VERB
ན་	ནས་	PART
།		PUNCT
བསྟན་པ་	བསྟན་པ་	VERB
དང་སེམས་	དང་སེམས་	NO_POS
ཅན་	ཅན་	PART
ལ་	ལ་	PART
ཕན་པ་	ཕན་པ་	VERB
འི་	གི་	PART
བསམ་པ་	བསམ་པ་	VERB
ཁོ་ན་	ཁོ་ན་	DET
དང་	དང་	NO_POS
།		PUNCT
རང་	རང་	PRON
དང་	དང་	NO_POS
ཉེ་བ་		
གནས་པ་	གནས་པ་	VERB
འི་	གི་	PART
དགེ་སློང་	དགེ་སློང་	NOUN
རྡོ་རྗེ་	རྡོ་རྗེ་	NOUN
འཛིན་པ་	འཛིན་པ་	VERB
ཆེན་པོ་	ཆེན་པོ་	ADJ
གྲོག་	གྲོག་	NOUN
མཆོག་	མཆོག་	ADJ
དམ་པ་	དམ་པ་	VERB
རིན་ཆེན་	རིན་ཆེན་	OTHER
རྣམ་གྲོལ་	རྣམ་གྲོལ་	NOUN
གྱི་	གི་	PART
གཙོ་	གཙོ་	NOUN
མཛད་	མཛད་	VERB
བཤེས་གཉེན་	བཤེས་གཉེན་	NOUN
དམ་པ་	དམ་པ་	VERB
དུ་མ་	དུ་མ་	ADJ
ས་	གིས་	PART
བསྐུལ་	བསྐུལ་	VERB
ཞིང་	ཅིང་	PART
།		PUNCT
རིགས་	རིགས་	NOUN
དང་	དང་	NO_POS
ཆོ་	ཆོ་	NOUN
ཀྱི་	གི་	PART
བུ་	བུ་	NOUN
ལ་	ལ་	PART
བསམ་	བསམ་	NOUN
ན་	ནས་	PART
ཤིན་ཏུ་	ཤིན་ཏུ་	NO_POS
གསང་བ་	གསང་བ་	VERB
འི་	གི་	PART
མན་ངག་	མན་ངག་	NOUN
ཟབ་མོ་	ཟབ་མོ་	ADJ
རྡོ་རྗེ་	རྡོ་རྗེ་	NOUN
འི་	གི་	PART
བྲག་རྫོང་	བྲག་རྫོང་	NO_POS
མ་	མ་	PART
འི་	གི་	PART
ཉམས་ལེན་	ཉམས་ལེན་	NOUN
རྣམས་	རྣམས་	DET
ཅུང་ཟད་	ཅུང་ཟད་	ADV
ཀྱང་	ཀྱང་	PART
མ་	མ་	PART
སྦས་པ་	སྦས་པ་	VERB
ར་	ལ་	PART
།		PUNCT
དཀ་	དཀའ་	VERB
ར་	ལ་	PART
ཤཱཀྱ་	ཤཱཀྱ་	PROPN
གྲག་	གྲག་	VERB
ཀྱི་	གི་	PART
མཛད་པ་	མཛད་པ་	VERB
འི་	གི་	PART
མགོན་པོ་	མགོན་པོ་	NOUN
འི་	གི་	PART
ཁྲོ་	ཁྲོ་	VERB
བཅུ་	བཅུ་	NUM
སྲུང་འཁོར་	སྲུང་འཁོར་	NOUN
དང་	དང་	NO_POS
།		PUNCT
ཆོ་	ཆོ་	NOUN
ཀྱི་	གི་	PART
རྒྱལ་པོ་	རྒྱལ་པོ་	NOUN
འཕགས་པ་	འཕགས་པ་	VERB
རིན་པོ་ཆེ་	རིན་པོ་ཆེ་	ADJ
ས་	གིས་	PART
མཛད་པ་	མཛད་པ་	VERB
འི་	གི་	PART
ནག་པོ་	ནག་པོ་	ADJ
ཆེན་པོ་	ཆེན་པོ་	ADJ
འི་	གི་	PART
བསྲུང་	བསྲུང་	NO_POS
བཟློག་	བཟློག་	VERB
བསད་	བསད་	NO_POS
གསུམ་	གསུམ་	NUM
སོགས་	སོགས་	DET
ཀྱི་	གི་	PART
མན་ངག་	མན་ངག་	NOUN
ཚིགས་བཅད་	ཚིགས་བཅད་	NOUN
མ་	མ་	PART
དམ་པ་	དམ་པ་	VERB
ཀུན་དགའ་	ཀུན་དགའ་	PROPN
གྲག་	གྲག་	VERB
ལ་	ལ་	PART
གནང་བ་	གནང་བ་	NO_POS
།		PUNCT
བླ་ཆེན་	བླ་ཆེན་	PROPN
བསོད་	བསོད་	NO_POS
བློ་	བློ་	NOUN
ས་	གིས་	PART
མཛད་པ་	མཛད་པ་	VERB
འི་	གི་	PART
སྲུང་འཁོར་	སྲུང་འཁོར་	NOUN
སོགས་	སོགས་	DET
ཀྱི་	གི་	PART
ཞལ་ཤེས་	ཞལ་ཤེས་	NO_POS
ཟབ་	ཟབ་	VERB
བསྡུ་	བསྡུ་	VERB
ཀྱི་	གི་	PART
མན་ངག་	མན་ངག་	NOUN
ཚིགས་བཅད་	ཚིགས་བཅད་	NOUN
མ་	མ་	PART
།		PUNCT
ས་	ས་	ADP
ལོ་	གོ་	PART
ཐམས་ཅད་	ཐམས་ཅད་	DET
མཁྱེན་པ་	མཁྱེན་པ་	VERB
ས་	གིས་	PART
མཛད་པ་	མཛད་པ་	VERB
འི་	གི་	PART
སྲུང་འཁོར་	སྲུང་འཁོར་	NOUN
རྡོ་རྗེ་	རྡོ་རྗེ་	NOUN
འི་	གི་	PART
བྲག་རྫོང་	བྲག་རྫོང་	NO_POS
རྣམས་	རྣམས་	DET
ལ་	ལ་	PART
བརྟེན་	བརྟེན་	VERB
ཞིང་	ཅིང་	PART
།		PUNCT
གཞན་	གཞན་	DET
ཡང་	ཀྱང་	PART
བླ་མ་	བླ་མ་	NOUN
དམ་པ་	དམ་པ་	VERB
རྣམས་	རྣམས་	DET
ཀྱི་	གི་	PART
གསུང་རྒྱུན་	གསུང་རྒྱུན་	NOUN
ཕྱག་ལེན་	ཕྱག་ལེན་	NOUN
གྱི་	གི་	PART
བརྒྱན་	བརྒྱན་	VERB
སྟེ་	སྟེ་	PART
།		PUNCT
དམིགས་པ་	དམིགས་པ་	VERB
མེད་པ་	མེད་པ་	VERB
འི་	གི་	PART
ཐུགས་རྗེ་	ཐུགས་རྗེ་	NOUN
དང་	དང་	NO_POS
ལྡན་པ་	ལྡན་པ་	VERB
རྩ་བ་	རྩ་བ་	NOUN
འི་	གི་	PART
བླ་མ་	བླ་མ་	NOUN
བཀའ་དྲིན་	བཀའ་དྲིན་	NOUN
ཅན་	ཅན་	PART
ས་	ས་	ADP
ལོ་ཙཱ་བ་	ལོ་ཙཱ་བ་	NOUN
འཇམ་དབྱངས་	འཇམ་དབྱངས་	PROPN
ཀུན་དགའ་	ཀུན་དགའ་	PROPN
བསོད་ནམས་	བསོད་ནམས་	NOUN
གྲགས་པ་	གྲགས་པ་	VERB
རྒྱལ་མཚན་	རྒྱལ་མཚན་	NOUN
དཔལ་	དཔལ་	OTHER
བཟང་པོ་	བཟང་པོ་	ADJ
དང་	དང་	NO_POS
།		PUNCT
འཇམ་དབྱངས་	འཇམ་དབྱངས་	PROPN
ནམ་མཁའ་	ནམ་མཁའ་	NOUN
སངས་རྒྱས་	སངས་རྒྱས་	NOUN
།		PUNCT
ཡོངས་འཛིན་	ཡོངས་འཛིན་	OTHER
དཀོན་མཆོག་	དཀོན་མཆོག་	NOUN
ལྷུན་གྲུབ་	ལྷུན་གྲུབ་	OTHER
།		PUNCT
གྲུབ་ཆེན་	གྲུབ་ཆེན་	NOUN
དཔལ་ལྡན་	དཔལ་ལྡན་	ADJ
བཀྲ་ཤིས་	བཀྲ་ཤིས་	NOUN
།		PUNCT
སྤྱན་སྔ་	སྤྱན་སྔ་	PROPN
ངག་དབང་	ངག་དབང་	PROPN
ཆོ་	ཆོ་	NOUN
ཀྱི་	གི་	PART
གྲགས་པ་	གྲགས་པ་	VERB
སོགས་	སོགས་	DET
ཡོངས་འཛིན་	ཡོངས་འཛིན་	OTHER
བསླུ་མེད་	བསླུ་མེད་	NO_POS
དམ་པ་	དམ་པ་	VERB
དུ་མ་	དུ་མ་	ADJ
འི་	གི་	PART
ཞབས་	ཞབས་	NOUN
རྡུལ་	རྡུལ་	NOUN
སྤྱི་བོ་	སྤྱི་བོ་	NOUN
ས་	གིས་	PART
ལེན་	ལེན་	VERB
ཞིང་	ཅིང་	PART
རྗེས་སུ་	རྗེས་སུ་	OTHER
བཟུང་བ་	བཟུང་བ་	VERB
ས་སྐྱ་པ་	ས་སྐྱ་པ་	PROPN
སྔགས་འཆང་	སྔགས་འཆང་	NOUN
ངག་	ངག་	NOUN
གི་	གི་	PART
དབང་པོ་	དབང་པོ་	NOUN
ཀུན་དགའ་	ཀུན་དགའ་	PROPN
རིན་ཆེན་	རིན་ཆེན་	OTHER
གྱི་	གི་	PART
ཤིང་མོ་	ཤིང་མོ་	NO_POS
གླང་ལོ་	གླང་ལོ་	NO_POS
རྒྱལ་	རྒྱལ་	VERB
ཟླ་བ་	ཟླ་བ་	NOUN
འི་	གི་	PART
མཁའ་འགྲོ་	མཁའ་འགྲོ་	NOUN
འདུ་བ་	འདུ་བ་	VERB
འི་	གི་	PART
དུས་	དུས་	NOUN
ཁྱད་པར་ཅན་	ཁྱད་པར་ཅན་	ADJ
ཉེ་	ཉེ་	NUM
དགུ་	དགུ་	NUM
འི་	གི་	PART
ཉིན་	ཉིན་	NOUN
མཆོད་གཏོར་	མཆོད་གཏོར་	OTHER
རྒྱས་པ་	རྒྱས་པ་	VERB
དང་	དང་	NO_POS
བཅའ་	བཅའ་	VERB
ཏེ་	སྟེ་	PART
།		PUNCT
ལྷ་ཁང་	ལྷ་ཁང་	NOUN
ཆེན་	ཆེན་	NO_POS
མོ་	མོ་	PRON
འི་	གི་	PART
ཡངས་	ཡངས་	VERB
སྟེང་པོ་	སྟེང་པོ་	NOUN
ཏཱ་ལ་	ཏཱ་ལ་	OTHER
སྨོན་	སྨོན་	VERB
གནས་	གནས་	NOUN
ཡིད་འོང་	ཡིད་འོང་	ADJ
ཚལ་	ཚལ་	NOUN
དུ་	ལ་	PART
སྦྱར་བ་	སྦྱར་བ་	VERB
འོ་	གོ་	PART
། །		PUNCT
འདི་	འདི་	DET
ལ་ཉེ་	ལ་ཉེ་	NO_POS
ས་པ་	ས་པ་	PART
འི་	གི་	PART
ཚོགས་	ཚོགས་	NOUN
མཆིས་པ་	མཆིས་པ་	VERB
རྣམས་	རྣམས་	DET
བླ་མ་	བླ་མ་	NOUN
དང་	དང་	NO_POS
བསྲུང་	བསྲུང་	NO_POS
མ་	མ་	PART
འི་	གི་	PART
ཚོགས་	ཚོགས་	NOUN
ལ་	ལ་	PART
བཟོད་པ་	བཟོད་པ་	VERB
ར་	ལ་	PART
གསོལ་	གསོལ་	VERB
ན་	ནས་	PART
།		PUNCT
བསྟན་འགྲོ་	བསྟན་འགྲོ་	OTHER
ལ་	ལ་	PART
ཕན་པ་	ཕན་པ་	VERB
ར་	ལ་	PART
གྱུར་ཅིག་	གྱུར་ཅིག་	NO_POS
། །།		PUNCT
འདི་	འདི་	DET
བྲིས་	བྲིས་	VERB
དགེ་བ་	དགེ་བ་	VERB
གངྒཱའི་		NON_WORD
ཆུ་རྒྱུན་	ཆུ་རྒྱུན་	NOUN
གྱིས་	གིས་	PART
། །		PUNCT
རྡོ་རྗེ་	རྡོ་རྗེ་	NOUN
ཐེག་པ་	ཐེག་པ་	NOUN
འི་	གི་	PART
གདམས་པ་	གདམས་པ་	VERB
ཟབ་མོ་	ཟབ་མོ་	ADJ
ཡི་	གི་	PART
། །		PUNCT
ཉམས་ལེན་	ཉམས་ལེན་	NOUN
འབད་	འབད་	VERB
སྩོལ་	སྩོལ་	VERB
བགྱིད་པ་	བགྱིད་པ་	VERB
འི་	གི་	PART
རྣལ་འབྱོར་	རྣལ་འབྱོར་	NOUN
ལ་	ལ་	PART
། །		PUNCT
བར་ཆད་	བར་ཆད་	NOUN
ཞི་	ཞི་	VERB
ཞིང་	ཅིང་	PART
དངོས་གྲུབ་	དངོས་གྲུབ་	NOUN
མ་	མ་	PART
ལུས་	ལུས་	NOUN
སྩོལ་	སྩོལ་	VERB
། །		PUNCT
མངྒ་		NON_WORD
ལ་	ལ་	PART
མསྟུ་		NON_WORD
སརྦ་	སརྦ་	NO_POS
ཛ་	ཛ་	OTHER
ག་	ག་	PRON
ཏཾ་		NON_WORD
།། །།		PUNCT
		
སྔགས་འཆང་	སྔགས་འཆང་	NOUN
ཀུན་དགའ་	ཀུན་དགའ་	PROPN
རིན་ཆེན་	རིན་ཆེན་	OTHER
།		PUNCT
གུ་	གུ་	NOUN
མགོན་	མགོན་	NOUN
ཁྲོ་	ཁྲོ་	VERB
བཅུ་	བཅུ་	NUM
འི་	གི་	PART
སྲུང་འཁོར་	སྲུང་འཁོར་	NOUN
སོགས་	སོགས་	DET
།		PUNCT
		
